DeID,Cohort,key,Gene,VAF at Pre-Treatment,VAF at Post-Treatment,Days Between Timepoints
PA00000852,Healthy,chr2 25235726 A>G,DNMT3A,0.2839,0.3017,693.5
PA00001018,Healthy,chr2 25244163 G>A,DNMT3A,0.002,0.0018,182.5
PA00001040,Healthy,chr2 25244567 A>C,DNMT3A,0.0058,0.0056,876
PA00001040,Healthy,chr2 25247692 AG>A,DNMT3A,0.0043,0.0064,876
PA00001040,Healthy,chr2 25248080 TC>T,DNMT3A,0.0024,0.003908,876
PA00001280,Healthy,chr2 25241676 C>CA,DNMT3A,0.0238,0.0213,693.5
PA00002537,Healthy,chr2 25240420 T>C,DNMT3A,0.0023,0.0025,292
PA00002537,Healthy,chr2 25247682 C>T,DNMT3A,0.0015,0.0033,292
PA00002542,Healthy,chr2 25245264 G>A,DNMT3A,0.0176,0.02,328.5
PA00002542,Healthy,chr2 25234373 C>T,DNMT3A,0.0034,0.0029,328.5
PA00002542,Healthy,chr2 25240678 TCATTG>T,DNMT3A,0.0022,0.0029,328.5
PA00002542,Healthy,chr2 25247685 G>T,DNMT3A,0.0018,0.004,328.5
PA00002618,Healthy,chr2 25236968 G>A,DNMT3A,0.0032,0.0025,839.5
PA00002696,Healthy,chr2 25234373 C>T,DNMT3A,0.002,0.0017,146
PA00002733,Healthy,chr2 25244577 G>A,DNMT3A,0.0032,0,766.5
PA00002733,Healthy,chr2 25247663 C>T,DNMT3A,2e-04,0.0032,766.5
PA00002733,Healthy,chr2 25247070 G>A,DNMT3A,2e-04,0.0033,766.5
PA00002754,Healthy,chr2 25243931 G>A,DNMT3A,0.007,0.0052,547.5
PA00002773,Healthy,chr2 25246160 C>G,DNMT3A,0.0046,0.0055,328.5
PA00002773,Healthy,chr2 25241668 C>T,DNMT3A,0.0034,0.0033,328.5
PA00002773,Healthy,chr2 25243931 G>A,DNMT3A,0.0029,0.002,328.5
PA00002773,Healthy,chr2 25244567 A>T,DNMT3A,0.0015,0.0028,328.5
PA00002814,Healthy,chr2 25241668 C>T,DNMT3A,0.0021,0.0017,949
PA00002819,Healthy,chr2 25235726 A>G,DNMT3A,0.0068,0.005404,693.5
PA00002836,Healthy,chr2 25244257 G>T,DNMT3A,0.004,0.003,90
PA00002859,Healthy,chr2 25239132 GT>AG,DNMT3A,0.0036,0.0037,36.5
PA00002859,Healthy,chr2 25247057 G>GA,DNMT3A,0.0025,9e-04,36.5
PA00002866,Healthy,chr2 25235750 T>C,DNMT3A,0.0036,0.0035,73
PA00002866,Healthy,chr2 25240708 T>C,DNMT3A,0.0034,0.0027,73
PA00002866,Healthy,chr2 25240715 G>A,DNMT3A,0.002,0.0012,73
PA00002866,Healthy,chr2 25247629 G>A,DNMT3A,0.001780704,0.002144214,73
PA00002876,Healthy,chr2 25241699 C>G,DNMT3A,0.000788787,0.006284871,2737.5
PA00002893,Healthy,chr2 25239131 T>C,DNMT3A,0.0011,0.0024,1058.5
PA00002908,Healthy,chr2 25243931 G>A,DNMT3A,0.104,0.0844,36.5
PA00002908,Healthy,chr2 25246643 GGGCCAGAAGGCTGGAAGCCCCCC>G,DNMT3A,0.0338,0.0272,36.5
PA00002908,Healthy,chr2 25240718 C>T,DNMT3A,0.0049,0.0053,36.5
PA00002908,Healthy,chr2 25240366 CAGA>C,DNMT3A,0.0033,0.0021,36.5
PA00002943,Healthy,chr2 25247690 C>T,DNMT3A,0.2769,0.274,36.5
PA00002949,Healthy,chr2 25239156 G>C,DNMT3A,0.0053,0.0066,73
PA00002968,Healthy,chr2 25240420 T>C,DNMT3A,0.001,0.002,328.5
PA00002998,Healthy,chr2 25247599 ATTTGCCGTCTC>A,DNMT3A,0.0107,0.0105,219
PA00002998,Healthy,chr2 25240663 T>C,DNMT3A,0.0083,0.0072,219
PA00002998,Healthy,chr2 25240714 G>A,DNMT3A,0.0034,0.0034,219
PA00003020,Healthy,chr2 25235770 TC>T,DNMT3A,0.0204,0.0224,255.5
PA00003020,Healthy,chr2 25244319 C>T,DNMT3A,0.0034,0.0037,255.5
PA00003027,Healthy,chr2 25235759 G>A,DNMT3A,0.0034,0.0024,730
PA00003080,Healthy,chr2 25246660 GC>G,DNMT3A,0.0285,0.0169,36.5
PA00003080,Healthy,chr2 25239199 A>G,DNMT3A,0.0075,0.0209,36.5
PA00003080,Healthy,chr2 25244636 CA>C,DNMT3A,0.0037,0.0029,36.5
PA00003104,Healthy,chr2 25240724 C>A,DNMT3A,0.00442,0.0025,766.5
PA00003113,Healthy,chr2 25234373 C>T,DNMT3A,0.0021,0.0032,219
PA00003142,Healthy,chr2 25243931 G>A,DNMT3A,0.0027,0.0054,36.5
PA00003150,Healthy,chr2 25240428 AAAG>A,DNMT3A,0.0046,0.0035,474.5
PA00003174,Healthy,chr2 25241675 C>T,DNMT3A,0.0172,0.0167,693.5
PA00003322,Healthy,chr2 25240697 C>G,DNMT3A,0.0056,0.0031,766.5
PA00003322,Healthy,chr2 25236936 C>G,DNMT3A,0.0029,0.0027,766.5
PA00003331,Healthy,chr2 25247690 C>T,DNMT3A,0.0065,0.0066,365
PA00003349,Healthy,chr2 25247690 C>T,DNMT3A,0.0092,0.0094,1022
PA00003349,Healthy,chr2 25240313 G>A,DNMT3A,0.0058,0.0052,1022
PA00003349,Healthy,chr2 25239149 T>C,DNMT3A,0.002,0.0025,1022
PA00003351,Healthy,chr2 25240324 CT>C,DNMT3A,0.0101,0.0061,73
PA00003387,Healthy,chr2 25240318 A>G,DNMT3A,0.0214,0.0165,146
PA00003387,Healthy,chr2 25236960 A>C,DNMT3A,0.0027,0.0044,146
PA00003387,Healthy,chr2 25244615 T>C,DNMT3A,0.0025,0.0029,146
PA00003387,Healthy,chr2 25244263 C>T,DNMT3A,0.001,0.002,146
PA00003416,Healthy,chr2 25234322 C>G,DNMT3A,0.0142,0.0163,693.5
PA00003416,Healthy,chr2 25247611 C>T,DNMT3A,0.0103,0.0108,693.5
PA00003416,Healthy,chr2 25245257 C>T,DNMT3A,0.0062,0.0085,693.5
PA00003416,Healthy,chr2 25235824 A>G,DNMT3A,0.0018,0.002,693.5
PA00003441,Healthy,chr2 25244222 A>G,DNMT3A,0.011,0.0087,328.5
PA00003441,Healthy,chr2 25241665 T>C,DNMT3A,0.002108518,0.003445566,328.5
PA00003468,Healthy,chr2 25234354 CA>C,DNMT3A,0.0084,0.0055,693.5
PA00003468,Healthy,chr2 25246644 GGCCAGAAGGCT>G,DNMT3A,0.0079,0.0065,693.5
PA00003468,Healthy,chr2 25243943 T>C,DNMT3A,0.0045,0.0044,693.5
PA00003468,Healthy,chr2 25240690 C>A,DNMT3A,0.0038,0.0019,693.5
PA00003491,Healthy,chr2 25234329 C>CT,DNMT3A,0.0167,0.0217,803
PA00003491,Healthy,chr2 25241609 C>G,DNMT3A,0.0154,0.0183,803
PA00003491,Healthy,chr2 25239153 C>T,DNMT3A,0.0031,0.0026,803
PA00003494,Healthy,chr2 25244609 T>C,DNMT3A,0.0077,0.01,73
PA00003494,Healthy,chr2 25240358 C>CA,DNMT3A,0.0038,0.0032,73
PA00003494,Healthy,chr2 25240310 A>T,DNMT3A,0.003,0.0028,73
PA00003497,Healthy,chr2 25246679 A>T,DNMT3A,0.0957,0.0926,730
PA00003497,Healthy,chr2 25241612 G>A,DNMT3A,0.0177,0.0185,730
PA00003497,Healthy,chr2 25247666 C>T,DNMT3A,0.0013,0.0021,730
PA00003520,Healthy,chr2 25246761 C>G,DNMT3A,0.008,0.0055,401.5
PA00003521,Healthy,chr2 25247714 C>T,DNMT3A,0.03,0.0297,365
PA00003521,Healthy,chr2 25245284 AG>A,DNMT3A,0.0229,0.0222,365
PA00003521,Healthy,chr2 25244330 CA>C,DNMT3A,0.008,0.0083,365
PA00003539,Healthy,chr2 25243931 G>A,DNMT3A,0.0071,0.005,73
PA00003548,Healthy,chr2 25240313 G>GC,DNMT3A,0.008778,0.0084,365
PA00003548,Healthy,chr2 25240709 C>A,DNMT3A,0.0043,0.0055,365
PA00003607,Healthy,chr2 25241588 C>A,DNMT3A,0.0041,0.0055,36.5
PA00003616,Healthy,chr2 25234373 C>T,DNMT3A,0.0083,0.0106,657
PA00003616,Healthy,chr2 25247718 A>C,DNMT3A,0.0066,0.0033,657
PA00003616,Healthy,chr2 25239196 TC>T,DNMT3A,0.006,0.0071,657
PA00003616,Healthy,chr2 25247056 G>C,DNMT3A,0.0023,7e-04,657
PA00003617,Healthy,chr2 25247704 G>A,DNMT3A,0.0031,0.0016,73
PA00003636,Healthy,chr2 25234334 A>T,DNMT3A,0.003,0.0025,1095
PA00003637,Healthy,chr2 25241612 G>A,DNMT3A,0.0054,0.005,511
PA00003637,Healthy,chr2 25241581 C>T,DNMT3A,0.0048,0.0047,511
PA00003637,Healthy,chr2 25245265 G>C,DNMT3A,0.0046,0.0032,511
PA00003637,Healthy,chr2 25240697 C>T,DNMT3A,0.0036,0.0038,511
PA00003678,Healthy,chr2 25241675 C>T,DNMT3A,0.0233,0.0176,438
PA00003678,Healthy,chr2 25234307 G>A,DNMT3A,0.0086,0.0067,438
PA00003698,Healthy,chr2 25239209 G>T,DNMT3A,0.2593,0.2611,73
PA00003698,Healthy,chr2 25247629 G>A,DNMT3A,0.0017,0.0021,73
PA00003713,Healthy,chr2 25246660 GC>G,DNMT3A,0.0032,0.0023,693.5
PA00003713,Healthy,chr2 25246046 AC>A,DNMT3A,0.002,0.0041,693.5
PA00003713,Healthy,chr2 25247687 C>A,DNMT3A,0.0016,0.0031,693.5
PA00003716,Healthy,chr2 25244320 A>T,DNMT3A,0.0105,0.0083,73
PA00003716,Healthy,chr2 25240313 G>A,DNMT3A,0.002,0.0029,73
PA00003719,Healthy,chr2 25240375 G>C,DNMT3A,0.0082,0.0047,620.5
PA00003724,Healthy,chr2 25240378 C>G,DNMT3A,0.0144,0.0149,219
PA00003724,Healthy,chr2 25240439 G>A,DNMT3A,0.0026,0.0018,219
PA00003725,Healthy,chr2 25240420 T>G,DNMT3A,9e-04,0.0019,109.5
PA00003766,Healthy,chr2 25239151 C>A,DNMT3A,0.0066,0.0053,547.5
PA00003772,Healthy,chr2 25247055 A>T,DNMT3A,0.0748,0.0614,1022
PA00003772,Healthy,chr2 25240417 C>T,DNMT3A,0.006,0.0054,1022
PA00003772,Healthy,chr2 25239158 AG>A,DNMT3A,0.0024,0.0023,1022
PA00003772,Healthy,chr2 25241618 G>A,DNMT3A,0.0023,0.004,1022
PA00003787,Healthy,chr2 25246755 TC>T,DNMT3A,0.0029,0.0017,73
PA00003814,Healthy,chr2 25240420 T>C,DNMT3A,0.0024,0.002,547.5
PA00003831,Healthy,chr2 25234412 C>T,DNMT3A,0.0013,0.0021,657
PA00003873,Healthy,chr2 25247606 G>GTC,DNMT3A,0.0021,0.0049,73
PA00003885,Healthy,chr2 25239149 T>C,DNMT3A,0.0244,0.0197,474.5
PA00003885,Healthy,chr2 25246659 A>G,DNMT3A,0.0024,0.0032,474.5
PA00004572,Healthy,chr2 25234373 C>T,DNMT3A,0.0225,0.0226,584
PA00004635,Healthy,chr2 25234289 G>A,DNMT3A,0.0027,0.0017,90
PA00004984,Healthy,chr2 25235823 GAACTAGATGAAGAGGAGA>G,DNMT3A,0.0239,0.0186,803
PA00004984,Healthy,chr2 25239137 T>C,DNMT3A,0.003,0.0036,803
PA00004984,Healthy,chr2 25240699 A>G,DNMT3A,0.0029,0.0022,803
PA00005092,Healthy,chr2 25239148 T>C,DNMT3A,0.0027,0.0025,255.5
PA00006315,Healthy,chr2 25247052 T>G,DNMT3A,0.0085,0.0116,657
PA00006330,Healthy,chr2 25240713 TG>T,DNMT3A,0.0088,0.0131,219
PA00006333,Healthy,chr2 25246623 C>A,DNMT3A,0.0048,0.009,657
PA00008065,Healthy,chr2 25234355 A>G,DNMT3A,0.0076,0.009,90
PA00008474,Healthy,chr2 25247695 A>G,DNMT3A,0,0.0021,109.5
PA00009134,Healthy,chr2 25245300 TAA>T,DNMT3A,0.0155,0.0126,219
PA00009134,Healthy,chr2 25241660 C>A,DNMT3A,0.0026,0.0019,219
PA00009134,Healthy,chr2 25234380 T>C,DNMT3A,0.0021,0.0017,219
PA00009139,Healthy,chr2 25248147 G>A,DNMT3A,0.0154,0.0186,839.5
PA00009139,Healthy,chr2 25240420 T>C,DNMT3A,0.0048,0.006,839.5
PA00009180,Healthy,chr2 25247625 C>T,DNMT3A,0.0024,0.0026,912.5
PA00009187,Healthy,chr2 25240408 T>G,DNMT3A,0.0035,0.0031,657
PA00009187,Healthy,chr2 25240313 G>A,DNMT3A,0.0022,0.0039,657
PA00009189,Healthy,chr2 25240678 TC>T,DNMT3A,0.0078,0.0106,36.5
PA00009191,Healthy,chr2 25246763 C>T,DNMT3A,0.0028,0.0025,730
PA00009314,Healthy,chr2 25240646 G>A,DNMT3A,0.0168,0.0152,584
PA00009346,Healthy,chr2 25240420 T>C,DNMT3A,0.004,0.0023,730
PA00009346,Healthy,chr2 25235768 G>A,DNMT3A,0.0018,0.0024,730
PA00009349,Healthy,chr2 25245300 TAACATTG>T,DNMT3A,0.0134,0.0141,730
PA00009357,Healthy,chr2 25241599 ATGAT>A,DNMT3A,0.0016,0.0026,474.5
PA00013527,Healthy,chr2 25239143 G>C,DNMT3A,0.0042,0.003,90
PA00033753,Healthy,chr2 25235716 T>G,DNMT3A,0.0219,0.0196,620.5
PA00033792,Healthy,chr2 25246671 C>T,DNMT3A,0.001,0.0025,109.5
PA00033811,Healthy,chr2 25247677 T>A,DNMT3A,0.0051,0.0044,292
PA00033811,Healthy,chr2 25246023 CA>C,DNMT3A,0.0032,0.0026,292
PA00033813,Healthy,chr2 25235726 A>G,DNMT3A,0.09,0.1109,511
PA00033813,Healthy,chr2 25240641 G>T,DNMT3A,0.0055,0.0033,511
PA00033813,Healthy,chr2 25244615 T>C,DNMT3A,0.0032,0.0013,511
PA00033816,Healthy,chr2 25240420 T>C,DNMT3A,0.0027,0.0041,182.5
PA00033816,Healthy,chr2 25247107 G>A,DNMT3A,0.0023,0.0045,182.5
PA00033816,Healthy,chr2 25240439 G>A,DNMT3A,0.0022,0.0024,182.5
PA00033816,Healthy,chr2 25234396 A>T,DNMT3A,0.0017,0.002,182.5
PA00033828,Healthy,chr2 25243928 C>T,DNMT3A,0.0017,0.0021,657
PA00033851,Healthy,chr2 25243930 C>T,DNMT3A,0.0048,0.0047,146
PA00050931,Healthy,chr2 25245276 C>A,DNMT3A,0.0011,0.002,401.5
PA00050941,Healthy,chr2 25244214 G>A,DNMT3A,0.0144,0.0085,36.5
PA00051191,Healthy,chr2 25235750 TG>T,DNMT3A,0.002,0.0028,73
PA00051248,Healthy,chr2 25244643 G>GA,DNMT3A,0.0136,0.0136,36.5
PA00051249,Healthy,chr2 25247087 CTGCT>C,DNMT3A,0.0028,0.0033,73
PA00051758,Healthy,chr2 25247687 C>T,DNMT3A,0.0015,0.002,36.5
10305005,Carboplatin,chr2 25240360 A>G,DNMT3A,0.0054,0.0024,198
10305005,Carboplatin,chr2 25240313 G>A,DNMT3A,0.0035,0.003,198
10305005,Carboplatin,chr2 25239159 G>T,DNMT3A,0.0027,3e-04,198
10305005,Carboplatin,chr2 25246656 G>A,DNMT3A,0.0027,0.0018,198
10305005,Carboplatin,chr2 25245264 G>A,DNMT3A,0.0023,8e-04,198
10305005,Carboplatin,chr2 25246671 C>G,DNMT3A,0.002,0.0017,198
10305007,Carboplatin,chr2 25240352 C>T,DNMT3A,0.0031,0.0039,188
10315001,Carboplatin,chr2 25247696 G>C,DNMT3A,0.0052,0.0048,189
10315001,Carboplatin,chr2 25241582 G>C,DNMT3A,0.0042,0.0034,189
10315001,Carboplatin,chr2 25248216 C>CA,DNMT3A,0.0013,0.0024,189
1040005,Carboplatin,chr2 25241675 C>T,DNMT3A,0.0134,0.0284,91
1040005,Carboplatin,chr2 25244152 CACAAATT>C,DNMT3A,0.0048,0.0068,91
1040005,Carboplatin,chr2 25246178 TA>T,DNMT3A,0.0044,0.0045,91
1040005,Carboplatin,chr2 25244248 G>T,DNMT3A,0.0017,0.002,91
12225001,Carboplatin,chr2 25245275 C>T,DNMT3A,0.0123,0.0258,196
12225001,Carboplatin,chr2 25247076 C>T,DNMT3A,0.0032,0.0157,196
12225001,Carboplatin,chr2 25243930 C>T,DNMT3A,0.002,7e-04,196
12395001,Carboplatin,chr2 25244609 T>C,DNMT3A,0.0017,0.002,175
12425001,Carboplatin,chr2 25243928 C>A,DNMT3A,0.0094,0.0088,168
12425001,Carboplatin,chr2 25247657 C>CT,DNMT3A,0.0062,0.0091,168
12425001,Carboplatin,chr2 25240306 A>T,DNMT3A,0.0049,0.003464,168
12425001,Carboplatin,chr2 25247685 G>A,DNMT3A,0.0027,0.0019,168
12555008,Carboplatin,chr2 25235726 A>G,DNMT3A,0.0017,0.0029,197
12555008,Carboplatin,chr2 25240429 A>G,DNMT3A,0.0021,0.0028,197
12555009,Carboplatin,chr2 25247055 A>G,DNMT3A,0.2198,0.1108,168
12555009,Carboplatin,chr2 25245293 TC>T,DNMT3A,0.0027,0.0017,168
12555009,Carboplatin,chr2 25247719 C>A,DNMT3A,0.0014,0.0022,168
12585002,Carboplatin,chr2 25247628 C>T,DNMT3A,0.0053,0.0099,182
1350004,Carboplatin,chr2 25240438 CG>TC,DNMT3A,0.0085,0.0091,91
1350004,Carboplatin,chr2 25235750 T>C,DNMT3A,0.0073,0.0227,91
1350004,Carboplatin,chr2 25247666 C>T,DNMT3A,0.0021,0.0021,91
1350004,Carboplatin,chr2 25240318 A>T,DNMT3A,0.0015,0.002892,91
1350008,Carboplatin,chr2 25245296 AG>A,DNMT3A,0.01,0.0085,83
1540001,Carboplatin,chr2 25234373 C>T,DNMT3A,0.0093,0.005,85
1540001,Carboplatin,chr2 25247611 C>T,DNMT3A,0.0092,0.011,85
1540001,Carboplatin,chr2 25234307 G>A,DNMT3A,0.0057,0.0086,85
1540001,Carboplatin,chr2 25240420 T>C,DNMT3A,0.0048,0.0079,85
9130003,Carboplatin,chr2 25240714 G>A,DNMT3A,0.0014,0.003,91
9240002,Carboplatin,chr2 25240438 C>G,DNMT3A,0.002593149,0.000257109,91
9330001,Carboplatin,chr2 25247611 C>T,DNMT3A,0.0017,0.0026,84
9350004,Carboplatin,chr2 25246029 TC>T,DNMT3A,0.0022,0.0032,91
9350004,Carboplatin,chr2 25234373 C>T,DNMT3A,0.001,0.0021,91
9510004,Carboplatin,chr2 25234401 G>A,DNMT3A,0.0011,0.0024,99
9510008,Carboplatin,chr2 25247666 C>T,DNMT3A,0.002,0.0015,98
1100032,Carboplatin,chr2 25241582 G>A,DNMT3A,0.0021,0.0016,490
1100032,Carboplatin,chr2 25244170 GT>G,DNMT3A,0.001203,0.0023,490
1100999,Carboplatin,chr2 25247713 C>A,DNMT3A,0.0104,0.0205,133
1100999,Carboplatin,chr2 25240439 G>A,DNMT3A,0.0041,0.0042,133
1100999,Carboplatin,chr2 25239153 C>A,DNMT3A,0.0066,0.0142,133
1100999,Carboplatin,chr2 25234308 G>C,DNMT3A,0.0026,0.0036,133
1100999,Carboplatin,chr2 25246764 G>C,DNMT3A,0.001,0.0028,133
1100999,Carboplatin,chr2 25240427 C>CA,DNMT3A,0.001,0.0023,133
1100999,Carboplatin,chr2 25241675 C>T,DNMT3A,9e-04,0.002,133
1100999,Carboplatin,chr2 25234307 G>A,DNMT3A,0.0017,0.0018,133
1108236,Carboplatin,chr2 25239151 C>T,DNMT3A,0.0104,0.0185,469
1108236,PARPi,chr2 25239151 C>T,DNMT3A,0.0054,0.0105,809
1108236,Carboplatin,chr2 25240315 G>C,DNMT3A,0.004,0.004,469
1108236,PARPi,chr2 25240315 G>C,DNMT3A,0.0031,0.0049,809
1118815,Carboplatin,chr2 25240441 C>T,DNMT3A,0.0166,0.0159,168
1118815,Carboplatin,chr2 25240312 C>T,DNMT3A,0.0196,0.0135,168
1122913,Carboplatin,chr2 25243966 T>TA,DNMT3A,0.003041026,0.001935788,56
1122913,Carboplatin,chr2 25241685 CA>C,DNMT3A,0.0011,0.0021,56
1123912,Carboplatin,chr2 25247625 C>T,DNMT3A,0.0048,0.0068,105
1123912,Carboplatin,chr2 25240360 A>G,DNMT3A,0.0023,0.0045,105
1123912,Carboplatin,chr2 25245266 CA>C,DNMT3A,7e-04,0.0021,105
1141596,PARPi,chr2 25239209 G>A,DNMT3A,0.0043,0.004,464
115337,Carboplatin,chr2 25247611 C>A,DNMT3A,0.001327825,0.002055306,101
1155740,Carboplatin,chr2 25241675 C>T,DNMT3A,0.009,0.0081,65
1155740,Carboplatin,chr2 25248174 C>A,DNMT3A,0.0016,0.0035,65
1173050,PARPi,chr2 25243921 G>C,DNMT3A,0.003,0.0049,95
1173050,PARPi,chr2 25240417 C>T,DNMT3A,0.0022,0.0013,95
1329397,PARPi,chr2 25234374 G>A,DNMT3A,0.0365,0.0416,227
1329397,PARPi,chr2 25240360 A>C,DNMT3A,0.0153,0.011,227
1329397,PARPi,chr2 25244319 C>T,DNMT3A,0.0115,0.0126,227
1334878,Carboplatin,chr2 25234373 C>T,DNMT3A,0.0146,0.0191,63
1334878,Carboplatin,chr2 25239205 A>T,DNMT3A,0.0018,0.0025,63
1339966,Carboplatin,chr2 25248124 G>GC,DNMT3A,0.014,0.0169,72
1347733,Carboplatin,chr2 25243931 G>A,DNMT3A,0.0011,8e-04,98
1354292,PARPi,chr2 25239199 A>G,DNMT3A,0.039,0.1506,468
1354292,PARPi,chr2 25240366 CAGA>C,DNMT3A,0.0042,0.0115,468
1354292,PARPi,chr2 25241591 C>T,DNMT3A,0.0032,0.0021,468
1354292,PARPi,chr2 25247710 TC>T,DNMT3A,8e-04,0.0035,468
1373302,Carboplatin,chr2 25248131 G>GC,DNMT3A,0.0078,0.0042,217
1387366,Carboplatin,chr2 25247150 AAC>T,DNMT3A,0.0261,0.0217,35
1387366,Carboplatin,chr2 25247149 CAA>C,DNMT3A,4e-04,0.001,35
1387366,Carboplatin,chr2 25234374 G>A,DNMT3A,0.0088,0.0074,35
1387366,Carboplatin,chr2 25247688 C>G,DNMT3A,0.0128,0.0133,35
1387366,Carboplatin,chr2 25247152 C>T,DNMT3A,0.024171,4e-04,35
1396229,PARPi,chr2 25240313 G>A,DNMT3A,0.0022,0.0012,264
1396229,PARPi,chr2 25244204 C>T,DNMT3A,0.001365715,0.003250478,264
1396537,Carboplatin,chr2 25240420 T>C,DNMT3A,0.0205,0.0214,151
1396537,Carboplatin,chr2 25236938 T>A,DNMT3A,0.002,0.0013,151
1426386,PARPi,chr2 25239158 A>G,DNMT3A,0.001,0.0028,404
1426672,PARPi,chr2 25234373 C>T,DNMT3A,0.0367,0.0401,114
1426672,PARPi,chr2 25240416 GC>G,DNMT3A,0.0026,0.0029,114
1426672,PARPi,chr2 25244203 C>T,DNMT3A,0.001995371,0.001267994,114
1450422,Carboplatin,chr2 25234323 G>A,DNMT3A,0.0021,0.0021,42
1463493,PARPi,chr2 25240435 A>ACCCG,DNMT3A,0.0643,0.052,70
1463493,PARPi,chr2 25234374 G>T,DNMT3A,0.0062,0.0038,70
1463493,PARPi,chr2 25243930 C>T,DNMT3A,0.0027,0.0019,70
1516623,Carboplatin,chr2 25240708 T>C,DNMT3A,0.0095,0.0067,105
1516623,Carboplatin,chr2 25240315 G>A,DNMT3A,0.0024,0.0028,105
1520937,Carboplatin,chr2 25239159 G>T,DNMT3A,0.0045,0.0034,88
1536848,Carboplatin,chr2 25240714 G>A,DNMT3A,0.0323,0.0788,751
1536848,PARPi,chr2 25240714 G>A,DNMT3A,0.1725,0.2125,102
1536848,Carboplatin,chr2 25235726 A>T,DNMT3A,0.002579447,0.005500248,751
1536848,PARPi,chr2 25235726 A>T,DNMT3A,0.0057,0.0031,102
1538010,Carboplatin,chr2 25240699 A>G,DNMT3A,0.0152,0.0205,982
1538010,Carboplatin,chr2 25239136 A>G,DNMT3A,0.0061,0.0047,982
1543250,Carboplatin,chr2 25235801 TA>T,DNMT3A,0.0041,0.0049,161
1567643,Carboplatin,chr2 25241675 C>T,DNMT3A,0.0019,0.0024,149
1608354,PARPi,chr2 25239163 C>G,DNMT3A,0.0056,0.0056,743
1608579,PARPi,chr2 25235723 A>C,DNMT3A,7e-04,0.0034,965
1619820,Carboplatin,chr2 25247714 CCA>C,DNMT3A,0.0081,0.0067,84
1619820,Carboplatin,chr2 25240420 T>C,DNMT3A,0.0022,0.0023,84
1619820,Carboplatin,chr2 25237000 A>T,DNMT3A,0.0017,0.0028,84
1619820,Carboplatin,chr2 25247629 G>T,DNMT3A,0.002006365,0.002293941,84
1620504,Carboplatin,chr2 25246642 AG>A,DNMT3A,0.0015,0.0023,77
1631988,PARPi,chr2 25240420 T>C,DNMT3A,0.0026,0.002,57
1637996,Carboplatin,chr2 25247647 G>A,DNMT3A,0.0204,0.0148,146
1637996,Carboplatin,chr2 25240717 C>T,DNMT3A,0.0032,0.002,146
1637996,Carboplatin,chr2 25247736 A>G,DNMT3A,0.0024,0.0024,146
1637996,Carboplatin,chr2 25247079 T>G,DNMT3A,0.0021,0.0014,146
1637996,Carboplatin,chr2 25234378 C>A,DNMT3A,0.0017,0.0027,146
1644510,Carboplatin,chr2 25240719 C>T,DNMT3A,0.1138,0.1869,61
1644510,Carboplatin,chr2 25246035 A>AT,DNMT3A,0.0056,0.003,61
1644795,PARPi,chr2 25240439 G>A,DNMT3A,0.0053,0.0048,245
1648855,PARPi,chr2 25243931 G>A,DNMT3A,0.0063,0.0076,168
1648855,PARPi,chr2 25234307 G>A,DNMT3A,0.0036,0.0027,168
1673333,PARPi,chr2 25247730 A>G,DNMT3A,0.0885,0.1724,322
1673333,PARPi,chr2 25247628 C>T,DNMT3A,0.0072,0.0091,322
1673333,PARPi,chr2 25244580 C>G,DNMT3A,0.0039,0.0027,322
1673333,PARPi,chr2 25247647 G>A,DNMT3A,0.002,0.0015,322
1673333,PARPi,chr2 25239166 G>T,DNMT3A,9e-04,8e-04,322
1673333,PARPi,chr2 25235726 A>G,DNMT3A,0.002903095,0.001297269,322
1673333,PARPi,chr2 25246029 TC>T,DNMT3A,0.002516096,0.00057971,322
1673333,PARPi,chr2 25234378 C>T,DNMT3A,0.0022,7e-04,322
1685481,Carboplatin,chr2 25245317 C>T,DNMT3A,0.004,0.0065,628
1685481,Carboplatin,chr2 25240726 T>G,DNMT3A,0.0024,0.003291,628
1686942,PARPi,chr2 25234373 C>T,DNMT3A,9e-04,0.0026,70
1694400,PARPi,chr2 25246056 C>CA,DNMT3A,0.0947,0.0078,249
1699221,Carboplatin,chr2 25247628 C>T,DNMT3A,0.002152522,0.002973396,56
1700234,PARPi,chr2 25247686 G>C,DNMT3A,0.002,0.0015,141
1702898,Carboplatin,chr2 25240313 G>A,DNMT3A,0.0075,0.0133,126
1702898,Carboplatin,chr2 25244627 TG>T,DNMT3A,0.0074,0.0305,126
1707056,Carboplatin,chr2 25235723 ACCAT>A,DNMT3A,0.0145,0.0179,126
1707056,Carboplatin,chr2 25244564 A>T,DNMT3A,0.0022,0.0013,126
1721015,Carboplatin,chr2 25234395 T>C,DNMT3A,0.0171,0.0159,70
1721015,Carboplatin,chr2 25247676 A>C,DNMT3A,0.01,0.0075,70
1721015,Carboplatin,chr2 25244301 GC>G,DNMT3A,0.0074,0.0098,70
1721015,Carboplatin,chr2 25240420 T>C,DNMT3A,0.0019,0.002,70
1732307,Carboplatin,chr2 25247691 C>T,DNMT3A,0.0098,0.0103,205
1732307,Carboplatin,chr2 25241621 C>T,DNMT3A,0.0035,0.003,205
1732307,Carboplatin,chr2 25240427 C>CA,DNMT3A,0.0028,0.004,205
1734282,Carboplatin,chr2 25239130 C>T,DNMT3A,0.0016,9e-04,174
1734282,PARPi,chr2 25239130 C>T,DNMT3A,0.0014,4e-04,112
1737022,PARPi,chr2 25235790 G>GT,DNMT3A,0.0365,0.0124,168
1737022,PARPi,chr2 25240705 A>G,DNMT3A,0.002,9e-04,168
1749149,Carboplatin,chr2 25240718 C>A,DNMT3A,0.0044,0.0063,91
1749149,Carboplatin,chr2 25248178 CT>C,DNMT3A,0.0043,0.0029,91
1749149,Carboplatin,chr2 25247719 C>G,DNMT3A,0.0028,0.0029,91
1749149,Carboplatin,chr2 25235725 C>A,DNMT3A,9e-04,0.0025,91
1752272,PARPi,chr2 25282462 G>A,DNMT3A,0.001,0.0053,896
1777686,PARPi,chr2 25240720 C>T,DNMT3A,0.0233,0.0281,294
1777686,PARPi,chr2 25247629 G>A,DNMT3A,0.0124,0.0136,294
1778499,PARPi,chr2 25240708 T>A,DNMT3A,0.2208,0.2839,252
1778499,PARPi,chr2 25244338 C>A,DNMT3A,0.0104,0.0118,252
1778499,PARPi,chr2 25248163 G>GCTGGCCTCCTC,DNMT3A,0.0098,0.0112,252
1782310,Carboplatin,chr2 25245318 A>G,DNMT3A,0.014,0.0168,61
1782310,PARPi,chr2 25245318 A>G,DNMT3A,0.0189,0.0159,135
1782310,Carboplatin,chr2 25247647 G>A,DNMT3A,0.0071,0.0078,61
1782310,PARPi,chr2 25247647 G>A,DNMT3A,0.0049,0.0067,135
1782310,Carboplatin,chr2 25236937 T>C,DNMT3A,0.0026,0.0024,61
1782310,PARPi,chr2 25236937 T>C,DNMT3A,0.002,0.002,135
1785592,PARPi,chr2 25234373 C>T,DNMT3A,0.0602,0.162,278
1785592,PARPi,chr2 25246061 CG>C,DNMT3A,0.041,0.0387,278
1785592,PARPi,chr2 25244233 GGTACCCTTGTGCCCGCACATGTAGC>CTA,DNMT3A,0.0144,0.007,278
1785592,PARPi,chr2 25241593 A>ACGTACATGATCTTCCCCTGGTGCCG,DNMT3A,0.0074,0.0057,278
1785592,PARPi,chr2 25246764 G>C,DNMT3A,0.005198,0.0052,278
1785592,PARPi,chr2 25247629 G>T,DNMT3A,0.0027,0.0041,278
1786242,PARPi,chr2 25244204 C>T,DNMT3A,0.002,0.0012,406
1788165,PARPi,chr2 25244629 G>C,DNMT3A,0.0312,0.0292,98
1788165,PARPi,chr2 25234374 G>A,DNMT3A,0.0097,0.003,98
1788165,PARPi,chr2 25240716 GC>G,DNMT3A,0.003,0.0018,98
1788165,PARPi,chr2 25246636 GC>G,DNMT3A,0.0029,0.0018,98
1788165,PARPi,chr2 25235726 A>G,DNMT3A,0.003423,0.0018,98
1794466,PARPi,chr2 25247647 G>A,DNMT3A,0.0118,0.0147,175
1794466,PARPi,chr2 25245267 A>C,DNMT3A,0.0041,0.0047,175
1799371,Carboplatin,chr2 25243931 G>A,DNMT3A,0.0017,8e-04,105
1803310,PARPi,chr2 25240369 A>T,DNMT3A,0.0769,0.0982,71
1803310,PARPi,chr2 25240372 A>C,DNMT3A,0.0537,0.0555,71
1803310,PARPi,chr2 25247748 TC>T,DNMT3A,0.003062,0.00335,71
1803800,Carboplatin,chr2 25282462 G>A,DNMT3A,0.002169344,0.003566498,140
1810711,PARPi,chr2 25247629 G>A,DNMT3A,0.0027,0.0018,233
1812344,PARPi,chr2 25235792 T>C,DNMT3A,0.009,0.0116,238
1812344,PARPi,chr2 25234395 TATAGTGGACTGGGA>T,DNMT3A,0.0103,0.0075,238
1812344,PARPi,chr2 25241581 C>T,DNMT3A,0.0023,0.0056,238
1816042,PARPi,chr2 25243933 A>G,DNMT3A,0.2597,0.2602,147
1825092,PARPi,chr2 25240373 AG>A,DNMT3A,0.0075,0.0062,256
1825539,PARPi,chr2 25234373 C>T,DNMT3A,0.0036,0.0017,308
1826232,PARPi,chr2 25246672 C>T,DNMT3A,0.0028,0.0025,259
1826232,PARPi,chr2 25240317 G>C,DNMT3A,0.0016,0.0014,259
1826251,PARPi,chr2 25240429 A>C,DNMT3A,0.0067,0.0082,133
1829047,Carboplatin,chr2 25240418 G>A,DNMT3A,0.0023,0.0042,154
1834410,PARPi,chr2 25234367 G>A,DNMT3A,0.0023,0.0045,219
1834410,PARPi,chr2 25234373 C>T,DNMT3A,0.002,0.0023,219
1878133,PARPi,chr2 25235726 A>G,DNMT3A,0.00455,0.0091,54
1897368,PARPi,chr2 25240402 G>T,DNMT3A,0.0036,0.001,285
1900284,Carboplatin,chr2 25247730 A>G,DNMT3A,0.050925,0.020434,77
1900284,Carboplatin,chr2 25247728 CA>C,DNMT3A,0.049695,0.019552,77
1900284,Carboplatin,chr2 25247729 AA>G,DNMT3A,0.0482,0.019,77
1900284,Carboplatin,chr2 25247673 AC>A,DNMT3A,0.0051,0.0091,77
1900284,Carboplatin,chr2 25241668 C>T,DNMT3A,0.0051,0.005,77
1900284,Carboplatin,chr2 25235810 T>C,DNMT3A,0.0026,0.0041,77
1900284,Carboplatin,chr2 25234374 G>A,DNMT3A,0.0017,0.0032,77
1910473,PARPi,chr2 25234373 C>T,DNMT3A,0.1124,0.1451,168
1910473,PARPi,chr2 25235768 G>A,DNMT3A,0.0272,0.0223,168
1932899,Carboplatin,chr2 25245266 CA>C,DNMT3A,0.0151,0.005,154
1932899,Carboplatin,chr2 25243936 G>A,DNMT3A,0.0056,0.0056,154
1932899,Carboplatin,chr2 25239199 A>G,DNMT3A,0.0032,0.0011,154
1967684,PARPi,chr2 25247610 C>T,DNMT3A,0.0151,0.0186,56
1967684,PARPi,chr2 25246183 T>TC,DNMT3A,0.0064,0.0059,56
1968442,PARPi,chr2 25240368 G>T,DNMT3A,0.0107,0.0045,510
1973348,PARPi,chr2 25243931 G>A,DNMT3A,0.0021,0.0014,56
2041190,PARPi,chr2 25240396 G>T,DNMT3A,0.0273,0.0233,112
2042633,PARPi,chr2 25241675 C>T,DNMT3A,0.0016,0.0023,448
2045489,Carboplatin,chr2 25247142 A>G,DNMT3A,0.0036,0.0144,63
2053831,PARPi,chr2 25246260 AG>A,DNMT3A,0.0047,0.0077,252
2053831,PARPi,chr2 25234290 C>T,DNMT3A,0.0026,0.0019,252
2053831,PARPi,chr2 25244330 C>T,DNMT3A,3e-04,0.0044,252
2053831,PARPi,chr2 25240448 CCTCTGA>C,DNMT3A,0.001,0.0037,252
2053831,PARPi,chr2 25235726 A>G,DNMT3A,0.0016,0.0037,252
2053831,PARPi,chr2 25244248 G>T,DNMT3A,8e-04,0.0035,252
2056484,PARPi,chr2 25241617 C>A,DNMT3A,0.0027,0.0026,112
2069216,Carboplatin,chr2 25247053 GC>AG,DNMT3A,0.0489,0.0277,113
2069216,Carboplatin,chr2 25239140 C>T,DNMT3A,0.0102,0.0247,113
2069216,Carboplatin,chr2 25244563 CAT>C,DNMT3A,0.0098,0.0165,113
2069216,Carboplatin,chr2 25246744 CG>C,DNMT3A,0.0089,0.0126,113
2069216,Carboplatin,chr2 25240420 T>C,DNMT3A,0.0022,0.0033,113
2069216,Carboplatin,chr2 25243928 C>G,DNMT3A,8e-04,0.0025,113
2069216,Carboplatin,chr2 25247616 C>T,DNMT3A,8e-04,0.002,113
2080542,PARPi,chr2 25247127 G>T,DNMT3A,0.0063,0.0064,168
2080542,PARPi,chr2 25241587 T>C,DNMT3A,6e-04,0.002,168
2083023,PARPi,chr2 25234331 G>A,DNMT3A,0.0121,0.0172,418
2083023,PARPi,chr2 25240430 A>G,DNMT3A,0.0122,0.0111,418
2083023,PARPi,chr2 25243930 C>T,DNMT3A,0.002,0.004,418
2088427,Carboplatin,chr2 25239131 T>C,DNMT3A,0.0065,0.0062,42
2088427,Carboplatin,chr2 25240420 T>C,DNMT3A,0.0054,0.0032,42
2098310,PARPi,chr2 25240318 A>T,DNMT3A,0.000554408,0.002281694,97
2098310,PARPi,chr2 25248195 GC>G,DNMT3A,0.0036,0.001,97
2098310,PARPi,chr2 25234373 C>T,DNMT3A,0.0022,4e-04,97
2098310,PARPi,chr2 25247628 C>T,DNMT3A,0.002,0,97
2105089,PARPi,chr2 25241582 G>A,DNMT3A,0.026,0.0379,203
2105089,PARPi,chr2 25247721 A>G,DNMT3A,0.0088,0.0111,203
2131385,Carboplatin,chr2 25246670 G>A,DNMT3A,0.0027,0.0022,48
2131385,Carboplatin,chr2 25240715 G>C,DNMT3A,0.0025,3e-04,48
2131385,Carboplatin,chr2 25234374 G>A,DNMT3A,0.0024,0.001,48
2134407,PARPi,chr2 25247142 A>T,DNMT3A,0.0556,0.0348,112
2134407,PARPi,chr2 25243901 T>C,DNMT3A,0.0058,0.0075,112
2150307,Carboplatin,chr2 25240693 C>T,DNMT3A,0.0068,0.0014,84
2150307,Carboplatin,chr2 25244212 TC>T,DNMT3A,0.0037,0.0015,84
2150307,Carboplatin,chr2 25239154 C>T,DNMT3A,0.0037,0.004,84
2157070,Carboplatin,chr2 25246660 GC>G,DNMT3A,0.012177,0.011502,45
2157070,Carboplatin,chr2 25246661 CC>A,DNMT3A,0.012,0.0117,45
2157070,Carboplatin,chr2 25246662 C>A,DNMT3A,0.011485,0.010803,45
2157070,Carboplatin,chr2 25240432 A>T,DNMT3A,0.0041,0.003429,45
2158430,Carboplatin,chr2 25241582 G>T,DNMT3A,0.0194,0.0125,42
2168630,Carboplatin,chr2 25247133 A>T,DNMT3A,0.0035,0.0033,54
295093,Carboplatin,chr2 25234383 T>TGA,DNMT3A,0.0094,0.0086,915
295093,Carboplatin,chr2 25235726 A>G,DNMT3A,0.0051,0.0036,915
295093,Carboplatin,chr2 25241587 T>A,DNMT3A,0.0017,0.0021,915
330923,Carboplatin,chr2 25246214 T>A,DNMT3A,0.0018,0.0023,369
4057,Carboplatin,chr2 25234308 G>C,DNMT3A,0.0056,0.0125,75
4057,Carboplatin,chr2 25246659 A>C,DNMT3A,0.0033,0.0023,75
4057,Carboplatin,chr2 25239137 T>C,DNMT3A,0.0031,0.0025,75
4057,Carboplatin,chr2 25234307 G>A,DNMT3A,0.0017,0.002,75
576532,PARPi,chr2 25248039 C>A,DNMT3A,0.1663,0.2213,441
576532,PARPi,chr2 25235758 G>A,DNMT3A,0.0062,0.0056,441
58830,Carboplatin,chr2 25240697 C>A,DNMT3A,0.0236,0.0191,60
58830,Carboplatin,chr2 25247089 GC>G,DNMT3A,0.0213,0.0117,60
58830,Carboplatin,chr2 25234307 G>A,DNMT3A,0.0249,0.0178,60
58830,Carboplatin,chr2 25243930 C>T,DNMT3A,8e-04,0.0014,60
58830,Carboplatin,chr2 25247142 A>C,DNMT3A,0.000278862,0.000314703,60
58830,Carboplatin,chr2 25234380 T>C,DNMT3A,0.001307474,0.001862817,60
663882,Carboplatin,chr2 25244163 G>A,DNMT3A,0.1256,0.1476,132
663882,Carboplatin,chr2 25234401 G>T,DNMT3A,0.014,0.0075,132
663882,Carboplatin,chr2 25234323 G>A,DNMT3A,0.0067,0.0045,132
663882,Carboplatin,chr2 25240726 TG>T,DNMT3A,0.0029,0.0016,132
72938,Carboplatin,chr2 25239155 A>T,DNMT3A,0.0048,0.0083,84
72938,Carboplatin,chr2 25234307 G>A,DNMT3A,0.0019,0.0023,84
831409,PARPi,chr2 25240441 C>T,DNMT3A,0.0013,0.0027,294
831409,PARPi,chr2 25234374 G>A,DNMT3A,0.0016,0.0026,294
831409,PARPi,chr2 25240417 C>T,DNMT3A,0.0018,0.0023,294
970359,Carboplatin,chr2 25246216 C>CG,DNMT3A,0.0047,0.005,77
U10-WU-026,Carboplatin,chr2 25239149 T>C,DNMT3A,0,0.0026165,95
U10-WU-090,Carboplatin,chr2 25240360 A>G,DNMT3A,0,0.002633,99
U10-WU-032,Carboplatin,chr2 25240369 A>G,DNMT3A,0.001763,0,137
U10-WU-078,Carboplatin,chr2 25240420 T>C,DNMT3A,0.040004667,0.042066667,242
U10-WU-032,Carboplatin,chr2 25240431 G>T,DNMT3A,0.000532269,0.001321,137
U10-WU-031,Carboplatin,chr2 25245255 TG>T,DNMT3A,0.0014105,0.0010905,94
U10-WU-078,Carboplatin,chr2 25247616 C>T,DNMT3A,0,0.005814667,242
U10-WU-090,Carboplatin,chr2 25239201 CATCACAGGGTTGG>C,DNMT3A,0.00146333,0.0021089,99
PA00000852,Healthy,chr4 105259666 C>T,TET2,0.0063,0,693.5
PA00001018,Healthy,chr4 105237262 CA>C,TET2,0.0316,0.0269,182.5
PA00001039,Healthy,chr4 105259666 C>T,TET2,0.3752,0.352,255.5
PA00001040,Healthy,chr4 105269662 G>A,TET2,0.04,0.0352,876
PA00001040,Healthy,chr4 105237080 T>TA,TET2,0.0125,0.0133,876
PA00001280,Healthy,chr4 105236310 C>T,TET2,0.009,0.0406,693.5
PA00001280,Healthy,chr4 105261790 T>C,TET2,0.0038,0.0088,693.5
PA00001280,Healthy,chr4 105236885 TA>T,TET2,7e-04,0.0062,693.5
PA00002537,Healthy,chr4 105236868 C>T,TET2,0.0032,0.0029,292
PA00002618,Healthy,chr4 105236499 CT>C,TET2,0.2678,0.2196,839.5
PA00002741,Healthy,chr4 105269610 A>ATTGAATATGAACACAGAGCACTC,TET2,0.0055,0.0048,730
PA00002836,Healthy,chr4 105236688 C>T,TET2,0.0032,0.0022,90
PA00002860,Healthy,chr4 105236415 TC>T,TET2,0.0046,0.0057,292
PA00002860,Healthy,chr4 105243601 T>C,TET2,0.0024,9e-04,292
PA00002866,Healthy,chr4 105275068 CCAGT>C,TET2,0.0023,0.0019,73
PA00002908,Healthy,chr4 105276348 CA>C,TET2,0.0016,0.0021,36.5
PA00002955,Healthy,chr4 105276220 C>T,TET2,0.02,0.0139,219
PA00002955,Healthy,chr4 105237289 TA>T,TET2,0,0.0032,219
PA00002984,Healthy,chr4 105242904 C>T,TET2,0.0025,0.0017,36.5
PA00003080,Healthy,chr4 105235713 C>T,TET2,0.0026,0.0028,36.5
PA00003080,Healthy,chr4 105276157 A>C,TET2,0.0024,8e-04,36.5
PA00003085,Healthy,chr4 105276092 G>A,TET2,0.0037,0.0074,1058.5
PA00003113,Healthy,chr4 105276160 A>G,TET2,0.0079,0.0057,219
PA00003113,Healthy,chr4 105234223 TA>T,TET2,0.0026,0.0023,219
PA00003113,Healthy,chr4 105235207 G>GA,TET2,0.0023,0.0033,219
PA00003113,Healthy,chr4 105235530 C>T,TET2,0.0022,0.0011,219
PA00003150,Healthy,chr4 105235501 GT>G,TET2,0.0031,0.0033,474.5
PA00003249,Healthy,chr4 105261799 T>C,TET2,0.1136,0.0797,328.5
PA00003269,Healthy,chr4 105276128 T>C,TET2,0.0196,0.0219,109.5
PA00003269,Healthy,chr4 105236688 C>T,TET2,0.0092,0.0087,109.5
PA00003322,Healthy,chr4 105259699 A>G,TET2,0.0169,0.0082,766.5
PA00003322,Healthy,chr4 105241378 A>C,TET2,0.0021,0.0011,766.5
PA00003351,Healthy,chr4 105276176 C>T,TET2,0.0046,0.0033,73
PA00003415,Healthy,chr4 105275834 GCTCT>G,TET2,0.0095,0.013,693.5
PA00003415,Healthy,chr4 105275300 T>TA,TET2,0.0018,0.004,693.5
PA00003416,Healthy,chr4 105276107 CAA>C,TET2,0.0034,0.0069,693.5
PA00003468,Healthy,chr4 105243704 ACT>A,TET2,0.0204,0.0137,693.5
PA00003468,Healthy,chr4 105272736 GA>G,TET2,0.0043,0.0034,693.5
PA00003468,Healthy,chr4 105236310 CAGTATTCAAAATCA>C,TET2,0.0022,9e-04,693.5
PA00003491,Healthy,chr4 105242922 A>G,TET2,0.0027,0.0032,803
PA00003520,Healthy,chr4 105236836 C>CA,TET2,0.1296,0.0952,401.5
PA00003520,Healthy,chr4 105235633 G>A,TET2,0.0028,0.0015,401.5
PA00003520,Healthy,chr4 105276210 CT>C,TET2,0.0027,0.0022,401.5
PA00003520,Healthy,chr4 105243621 C>T,TET2,0.0025,0.0011,401.5
PA00003520,Healthy,chr4 105236908 C>CAT,TET2,0.0015,0.0056,401.5
PA00003548,Healthy,chr4 105272567 T>C,TET2,0.0284,0.0311,365
PA00003548,Healthy,chr4 105236915 CTGTA>C,TET2,0.0037,0.0043,365
PA00003548,Healthy,chr4 105243759 C>T,TET2,0.0021,0.0012,365
PA00003588,Healthy,chr4 105276087 TGGG>T,TET2,0.0086,0.0096,657
PA00003588,Healthy,chr4 105234781 C>CT,TET2,0.0046,0.0045,657
PA00003603,Healthy,chr4 105276160 A>G,TET2,0.006,0.0052,657
PA00003636,Healthy,chr4 105243615 C>T,TET2,0.0067,0.0074,1095
PA00003636,Healthy,chr4 105234943 C>CA,TET2,0.0067,0.0075,1095
PA00003636,Healthy,chr4 105275596 TA>T,TET2,0.0025,0.0022,1095
PA00003636,Healthy,chr4 105236583 AG>A,TET2,0.0021,0.0019,1095
PA00003637,Healthy,chr4 105236613 C>T,TET2,0.0021,0.0022,511
PA00003659,Healthy,chr4 105235803 AC>A,TET2,0.0122,0.0124,73
PA00003666,Healthy,chr4 105243636 T>G,TET2,0.0391,0.0376,73
PA00003677,Healthy,chr4 105235778 TG>T,TET2,0.0053,0.0045,36.5
PA00003698,Healthy,chr4 105269712 A>G,TET2,0.0034,0.0036,73
PA00003716,Healthy,chr4 105275537 ATACACTT>A,TET2,0.0175,0.0136,73
PA00003719,Healthy,chr4 105275426 TG>T,TET2,0.0035,0.0023,620.5
PA00003760,Healthy,chr4 105235318 C>CT,TET2,0.000201784,0.005979073,766.5
PA00003767,Healthy,chr4 105272692 G>GA,TET2,0.4131,0.441,219
PA00003785,Healthy,chr4 105235889 AC>A,TET2,0.0022,0.0011,584
PA00003798,Healthy,chr4 105269686 G>A,TET2,0.0031,0.0036,365
PA00003872,Healthy,chr4 105272657 G>A,TET2,0.0123,0.0097,438
PA00003873,Healthy,chr4 105276091 G>A,TET2,0.0089,0.0103,73
PA00003873,Healthy,chr4 105235182 C>T,TET2,0.0064,0.0061,73
PA00003873,Healthy,chr4 105269670 T>C,TET2,0.0024,0.0016,73
PA00003885,Healthy,chr4 105235862 AG>A,TET2,0.0036,0.0051,474.5
PA00004376,Healthy,chr4 105275460 TC>T,TET2,0.0024,0.0022,90
PA00004410,Healthy,chr4 105237253 T>TTATAGAGTCACCTTCCA,TET2,0.0042,0,9161.5
PA00004444,Healthy,chr4 105242911 G>A,TET2,0.2367,0.2656,766.5
PA00006330,Healthy,chr4 105275364 C>A,TET2,0.0086,0.0111,219
PA00008065,Healthy,chr4 105269686 G>A,TET2,0.0055,0.0071,90
PA00008065,Healthy,chr4 105275771 GTGAACATCATTCACCTTCTCACATAATCCATAACTACAGTGCAGCTC>CA,TET2,0.0025,0.0015,90
PA00008474,Healthy,chr4 105235862 AG>A,TET2,0.0384,0.0332,109.5
PA00008474,Healthy,chr4 105236055 C>T,TET2,0.0326,0.0223,109.5
PA00008474,Healthy,chr4 105236210 AC>A,TET2,0.0028,0.002,109.5
PA00009136,Healthy,chr4 105235737 CA>C,TET2,0.0248,0.0464,511
PA00009187,Healthy,chr4 105243622 G>A,TET2,0.0056,0.0101,657
PA00009187,Healthy,chr4 105269692 A>G,TET2,8e-04,0.0022,657
PA00009197,Healthy,chr4 105272859 AG>A,TET2,0.0528,0.0392,73
PA00009197,Healthy,chr4 105272855 GA>G,TET2,0.0044,0.0037,73
PA00009314,Healthy,chr4 105261769 T>C,TET2,0.0018,0.0025,584
PA00009319,Healthy,chr4 105234701 CA>C,TET2,0.0029,0.0034,36.5
PA00009349,Healthy,chr4 105269613 G>T,TET2,0.0023,8e-04,730
PA00033753,Healthy,chr4 105276280 A>T,TET2,0.002,0.0011,620.5
PA00033798,Healthy,chr4 105276128 T>G,TET2,0.0026,0.0031,511
PA00033844,Healthy,chr4 105243621 C>T,TET2,0.0052,0.0041,620.5
PA00033844,Healthy,chr4 105235201 C>A,TET2,0.003,0.0057,620.5
PA00050931,Healthy,chr4 105237080 T>TA,TET2,0.0021,0.0023,401.5
PA00051808,Healthy,chr4 105241344 AT>A,TET2,0.0146,0.0098,73
PA00051808,Healthy,chr4 105241372 A>G,TET2,0.0031,0.0017,73
10305005,Carboplatin,chr4 105269665 C>T,TET2,0.0063,0.0022,198
10315001,Carboplatin,chr4 105235872 C>T,TET2,0.0022,0.0014,189
1040005,Carboplatin,chr4 105259615 TCAGG>T,TET2,0.0128,0.0018,91
12155006,Carboplatin,chr4 105236137 CA>C,TET2,0.0012,0.0025,175
12425001,Carboplatin,chr4 105236431 T>TA,TET2,0.0037,0.0083,168
12585002,Carboplatin,chr4 105236814 C>T,TET2,0.0083,0.009,182
1540001,Carboplatin,chr4 105269703 C>T,TET2,0.0022,0.0018,85
9350001,Carboplatin,chr4 105237054 A>T,TET2,0.0532,0.0215,90
9350001,Carboplatin,chr4 105243612 G>A,TET2,0.0015,0.0021,90
9350004,Carboplatin,chr4 105237431 CT>C,TET2,0.005,0.0027,91
9510004,Carboplatin,chr4 105275063 C>G,TET2,0.0014,0.0024,99
1108236,Carboplatin,chr4 105241341 CA>C,TET2,0.0034,0.0023,469
1108236,PARPi,chr4 105241341 CA>C,TET2,0.0029,0.003,809
1122913,Carboplatin,chr4 105272833 CA>C,TET2,0.0127,0.0134,56
1122913,Carboplatin,chr4 105259686 T>C,TET2,0.0018,0.002,56
1123912,Carboplatin,chr4 105243637 G>T,TET2,0.0069,0.0141,105
1123912,Carboplatin,chr4 105234499 AG>A,TET2,8e-04,0.0022,105
1155740,Carboplatin,chr4 105259708 G>T,TET2,0.0023,0.0013,65
1173050,PARPi,chr4 105275056 C>T,TET2,0.0043,0.005656,95
1295247,Carboplatin,chr4 105269730 C>T,TET2,0.0021,0.0025,42
1387366,Carboplatin,chr4 105276010 C>T,TET2,0.003,0.0022,35
1387366,Carboplatin,chr4 105272882 C>T,TET2,0.0016,0.0033,35
1426386,PARPi,chr4 105243708 T>C,TET2,6e-04,0.0025,404
1495825,Carboplatin,chr4 105272739 AAGTC>A,TET2,0.000483077,0.00342689,499
1537527,Carboplatin,chr4 105269661 C>A,TET2,0.003,0.0024,83
1537527,PARPi,chr4 105269661 C>A,TET2,0.0033,0.0028,76
1543250,Carboplatin,chr4 105259638 G>T,TET2,0.0038,0.0025,161
1543250,Carboplatin,chr4 105235183 AG>A,TET2,0.0046,0.0031,161
1543250,Carboplatin,chr4 105234415 AT>A,TET2,0.0027,0.0021,161
1622439,Carboplatin,chr4 105237250 A>AT,TET2,0.0276,0.0034,154
1622439,Carboplatin,chr4 105234004 C>A,TET2,0.0128,0.0014,154
1631988,PARPi,chr4 105236469 G>T,TET2,0.0212,0.0264,57
1637996,Carboplatin,chr4 105236793 G>GC,TET2,0.0031,0.0041,146
1637996,Carboplatin,chr4 105236453 TA>T,TET2,0.0028,0.0021,146
1644510,Carboplatin,chr4 105236509 GA>G,TET2,0.002,0.0024,61
1673333,PARPi,chr4 105243775 AAG>A,TET2,0.001,6e-04,322
1683705,Carboplatin,chr4 105276128 T>C,TET2,0.002,0.0019,543
1686942,PARPi,chr4 105234591 T>TC,TET2,0.1225,0.1315,70
1694400,PARPi,chr4 105236427 A>T,TET2,0.112,0.0086,249
1694400,PARPi,chr4 105259708 G>A,TET2,0.0087,0.0011,249
1694400,PARPi,chr4 105275166 TCAGA>T,TET2,0.000675447,0.000248385,249
1699221,Carboplatin,chr4 105259687 G>A,TET2,0.0051,0.0042,56
1700234,PARPi,chr4 105236031 CCAGTGTTGAAACAGCA>C,TET2,0.002,0.0027,141
1702898,Carboplatin,chr4 105235468 C>G,TET2,0.0049,0.0073,126
1702898,Carboplatin,chr4 105236691 C>T,TET2,0.002,0.002,126
1704778,Carboplatin,chr4 105272628 AC>A,TET2,0.0028,0.0013,84
1707056,Carboplatin,chr4 105236141 CC>AT,TET2,0.0319,0.0364,126
1707056,Carboplatin,chr4 105276128 T>C,TET2,0.0024,0.0044,126
1720414,Carboplatin,chr4 105234591 TC>T,TET2,6e-04,0.005,775
1732307,Carboplatin,chr4 105243757 G>A,TET2,0.0022,0.0028,205
1743659,PARPi,chr4 105235676 TC>T,TET2,0.0084,0.0049,377
1752272,PARPi,chr4 105236025 A>ATGTCC,TET2,0.0054,0.0014,896
1752272,PARPi,chr4 105269671 C>T,TET2,6e-04,0.0022,896
1755649,Carboplatin,chr4 105236210 AC>A,TET2,0.0055,0.0235,363
1755649,Carboplatin,chr4 105241410 A>G,TET2,0.0015,0.001,363
1755649,Carboplatin,chr4 105237174 AC>A,TET2,8e-04,0.0013,363
1778499,PARPi,chr4 105275313 ATC>A,TET2,0.2236,0.2609,252
1778499,PARPi,chr4 105235778 T>TG,TET2,0.1796,0.1407,252
1778499,PARPi,chr4 105275304 T>G,TET2,0.0127,0.0164,252
1778499,PARPi,chr4 105275312 CAT>C,TET2,0.0064,0.0112,252
1778499,PARPi,chr4 105243621 C>T,TET2,0.0021,0.0062,252
1779924,PARPi,chr4 105269710 A>G,TET2,0.002018225,0.001595143,251
1782310,PARPi,chr4 105259729 T>C,TET2,7e-04,0,135
1782310,Carboplatin,chr4 105269698 G>A,TET2,0.0027,0.0023,61
1782310,PARPi,chr4 105269698 G>A,TET2,0.00145146,0.001393081,135
1785592,PARPi,chr4 105272916 C>T,TET2,0.0134,0.006,278
1786242,PARPi,chr4 105269665 C>G,TET2,0.0026,0.003,406
1788165,PARPi,chr4 105272591 C>T,TET2,0.0065,0.005,98
1803310,PARPi,chr4 105235980 A>T,TET2,0.001,0.0026,71
1810711,PARPi,chr4 105236446 C>A,TET2,0.1305,0.1055,233
1810711,PARPi,chr4 105236665 GTC>G,TET2,0.0018,0.0025,233
1816042,PARPi,chr4 105269646 G>T,TET2,0.002,0.0018,147
1825539,PARPi,chr4 105235494 AT>A,TET2,0.0015,0.0034,308
1826251,PARPi,chr4 105234621 G>GA,TET2,0.0615,0.0121,133
1826251,PARPi,chr4 105243756 C>T,TET2,0.0059,0.0269,133
1826251,PARPi,chr4 105272661 A>T,TET2,0.0026,8e-04,133
1829692,PARPi,chr4 105241390 G>A,TET2,0.0071,0.0067,287
1829692,PARPi,chr4 105235078 CT>C,TET2,0.0042,0.004,287
1829692,PARPi,chr4 105269648 TCTGAAGGAAG>T,TET2,0.0043,0.0027,287
1829692,PARPi,chr4 105269699 T>A,TET2,0.0034,0.0077,287
1901638,Carboplatin,chr4 105235584 C>T,TET2,0.0115,0.0082,56
1910473,PARPi,chr4 105276140 AGCGTGAGCTGCAT>A,TET2,0.0076,0.0061,168
1932899,Carboplatin,chr4 105236415 TC>T,TET2,0.011,0.0067,154
1932899,Carboplatin,chr4 105272774 C>T,TET2,0.0044,0.0028,154
1932899,Carboplatin,chr4 105236227 A>AC,TET2,0.0028,8e-04,154
1948372,PARPi,chr4 105276142 C>T,TET2,0.0022,0.0018,112
1967684,PARPi,chr4 105272634 T>G,TET2,0.0073,0.0083,56
1967684,PARPi,chr4 105234621 G>GA,TET2,0.0013,0.0022,56
1968673,PARPi,chr4 105243752 C>CAA,TET2,0.1967,0.203,56
2017905,PARPi,chr4 105234426 GAT>G,TET2,0.0074,0.0025,56
2038431,PARPi,chr4 105259723 G>A,TET2,0.0089,0.0139,448
2038431,PARPi,chr4 105259626 T>TG,TET2,0.000149287,0.002695418,448
2042633,PARPi,chr4 105275943 T>A,TET2,0.002,0.0025,448
2053831,PARPi,chr4 105236188 AAATAAAG>A,TET2,0.005,3e-04,252
2056484,PARPi,chr4 105236918 T>A,TET2,0.0027,0.0036,112
2069216,Carboplatin,chr4 105276133 T>C,TET2,0.0644,0.0314,113
2069216,Carboplatin,chr4 105237189 CA>C,TET2,0.0331,0.017,113
2083023,PARPi,chr4 105276131 A>G,TET2,0.0016,0.0041,418
2088427,Carboplatin,chr4 105236760 AC>A,TET2,0.0055,0.0035,42
2088427,Carboplatin,chr4 105234763 TC>T,TET2,0.0037,0.0067,42
2131385,Carboplatin,chr4 105235157 TC>T,TET2,0.154,0.2516,48
2131385,Carboplatin,chr4 105235809 A>T,TET2,0.0982,0.1705,48
2131385,Carboplatin,chr4 105236247 C>T,TET2,0.0248,0.0554,48
2131385,Carboplatin,chr4 105235155 CT>C,TET2,0.002,0.0048,48
2131385,Carboplatin,chr4 105234162 G>GTA,TET2,0.0028,6e-04,48
2134407,PARPi,chr4 105236022 CT>C,TET2,0.0022,0.0012,112
2150307,Carboplatin,chr4 105243738 T>TA,TET2,0.0164,0.0051,84
2158376,Carboplatin,chr4 105261801 AT>A,TET2,0.0024,0.002,70
2158430,Carboplatin,chr4 105269647 G>T,TET2,0.0026,0.0024,42
2168630,Carboplatin,chr4 105275312 C>A,TET2,0.2436,0.1966,54
295093,Carboplatin,chr4 105275807 ACAGTG>A,TET2,0.0028,0.0061,915
34454,PARPi,chr4 105236024 T>TA,TET2,0.007,0.0077,109
34454,PARPi,chr4 105269662 G>A,TET2,0.0023,0.0015,109
576532,PARPi,chr4 105236246 TC>T,TET2,0.0054,0.0035,441
58830,Carboplatin,chr4 105276208 G>T,TET2,0.0036,0.0023,60
U10-WU-078,Carboplatin,chr4 105235869 TC>T,TET2,0.0014825,0.0028665,242
U10-WU-090,Carboplatin,chr4 105259681 G>A,TET2,0,0.004457,99
U10-WU-026,Carboplatin,chr4 105272621 C>T,TET2,0.0014625,0,95
U10-WU-026,Carboplatin,chr4 105272901 AG>A,TET2,0,0.0012005,95
U10-WU-026,Carboplatin,chr4 105275569 C>T,TET2,0,0.0011,95
PA00001039,Healthy,chr20 32434954 C>T,ASXL1,0.0018,0.0025,255.5
PA00002741,Healthy,chr20 32435388 TA>T,ASXL1,0.0053,0.0038,730
PA00002860,Healthy,chr20 32433492 C>T,ASXL1,0.0015,0.0025,292
PA00003174,Healthy,chr20 32435076 ATGTGAGT>A,ASXL1,0.008,0.0119,693.5
PA00003174,Healthy,chr20 32434481 CTT>C,ASXL1,0.0034,0.0037,693.5
PA00003249,Healthy,chr20 32434638 A>AG,ASXL1,0.1517,0.1131,328.5
PA00003249,Healthy,chr20 32434638 A>AGG,ASXL1,0.008578,0.006611,328.5
PA00003416,Healthy,chr20 32433834 C>T,ASXL1,0.0088,0.0078,693.5
PA00003603,Healthy,chr20 32434617 GGC>G,ASXL1,0.0118,0.0099,657
PA00003725,Healthy,chr20 32433447 C>T,ASXL1,0.0023,0.0021,109.5
PA00003873,Healthy,chr20 32434599 TCACCACTGCCATAGAGAGGCGGC>T,ASXL1,0.0053,0.0057,73
PA00004444,Healthy,chr20 32435281 CT>C,ASXL1,0.0259,0.0454,766.5
PA00004444,Healthy,chr20 32435284 C>T,ASXL1,0.0059,0.011,766.5
PA00004444,Healthy,chr20 32434599 TCACCACTGCCATAGAGAGGCGGC>T,ASXL1,0.0025,0.0033,766.5
PA00004444,Healthy,chr20 32434902 C>A,ASXL1,0.0023,0.002,766.5
PA00008474,Healthy,chr20 32434638 A>AG,ASXL1,0.1739,0.1042,109.5
PA00008474,Healthy,chr20 32434638 A>AGG,ASXL1,0.009489,0.006813,109.5
PA00033811,Healthy,chr20 32436324 C>A,ASXL1,0.0141,0.0157,292
PA00033811,Healthy,chr20 32435133 TC>T,ASXL1,0.0024,0.0035,292
1155740,Carboplatin,chr20 32435406 G>A,ASXL1,0.0018,0.0029,65
1396537,Carboplatin,chr20 32433739 CTG>C,ASXL1,0.0039,0.0038,151
1426386,PARPi,chr20 32433796 C>CATCCTTTCCCGAA,ASXL1,0.0394,0.0187,404
1620504,Carboplatin,chr20 32433645 G>GT,ASXL1,0.003,0.001,77
1637996,Carboplatin,chr20 32436914 GGATGC>T,ASXL1,0,0,146
1685481,Carboplatin,chr20 32436461 C>G,ASXL1,0.0033,0.0054,628
1686942,PARPi,chr20 32434638 A>AG,ASXL1,0.3159,0.3049,70
1686942,PARPi,chr20 32434638 A>AGG,ASXL1,0.016575,0.017712,70
1755649,Carboplatin,chr20 32434599 TCACCACTGCCATAGAGAGGCGGC>T,ASXL1,0.0036,0.0017,363
1779924,PARPi,chr20 32434954 C>T,ASXL1,0.0034,8e-04,251
1799371,Carboplatin,chr20 32435279 GC>G,ASXL1,0.0032,3e-04,105
1900284,Carboplatin,chr20 32435804 AG>A,ASXL1,0.0275,0.0101,77
1910473,PARPi,chr20 32435833 GC>G,ASXL1,0.0024,0.0025,168
1968673,PARPi,chr20 32435328 C>A,ASXL1,0.0031,0.0034,56
1973348,PARPi,chr20 32435224 A>T,ASXL1,0.1022,0.1379,56
2069216,Carboplatin,chr20 32435638 C>T,ASXL1,0.0334,0.0166,113
2131385,Carboplatin,chr20 32434638 AGG>A,ASXL1,0.2334,0.3445,48
2131385,Carboplatin,chr20 32434636 GGA>G,ASXL1,0.003,0.0042,48
2158376,Carboplatin,chr20 32435014 C>T,ASXL1,0.0028,0.0013,70
34454,PARPi,chr20 32434629 TGCCATCGGAGG>T,ASXL1,0.0191,0.0164,109
34454,PARPi,chr20 32435409 ACCCATCCCAT>A,ASXL1,0.001704602,0.002148123,109
34454,PARPi,chr20 32435861 T>TG,ASXL1,0.002004789,0.00181343,109
4057,Carboplatin,chr20 32436833 T>TG,ASXL1,0.011,0.0081,75
72938,Carboplatin,chr20 32435329 CC>T,ASXL1,0.0074,0.0025,84
72938,Carboplatin,chr20 32435327 GC>G,ASXL1,7e-04,0.002636,84
PA00002741,Healthy,chr17 60663185 T>G,PPM1D,0.0047,0.0046,730
PA00002754,Healthy,chr17 60663106 C>T,PPM1D,0.0038,0.004,547.5
PA00002987,Healthy,chr17 60663251 CT>C,PPM1D,0.0033,0.0036,328.5
PA00003027,Healthy,chr17 60663337 A>T,PPM1D,0.0031,0.0033,730
PA00003085,Healthy,chr17 60663077 AT>A,PPM1D,0.0025,0.0022,1058.5
PA00003174,Healthy,chr17 60663174 AGCCCTGACTTTAA>G,PPM1D,0.0051,0.0047,693.5
PA00003174,Healthy,chr17 60663172 AAAGCCCTGACTTT>A,PPM1D,0.004793,0.00412,693.5
PA00003500,Healthy,chr17 60663013 TGGCCAAGG>T,PPM1D,0.0034,0.0042,73
PA00003637,Healthy,chr17 60663113 ATGTCCAAGGTG>A,PPM1D,0.0039,0.0037,511
PA00003678,Healthy,chr17 60663336 T>TA,PPM1D,0.0338,0.017,438
PA00003678,Healthy,chr17 60663448 C>T,PPM1D,0.0022,0.0016,438
PA00003725,Healthy,chr17 60663475 C>T,PPM1D,0.0024,0.0022,109.5
PA00003767,Healthy,chr17 60663077 AT>A,PPM1D,0.1895,0.1888,219
PA00003767,Healthy,chr17 60663075 GA>G,PPM1D,0.0035,0.0038,219
PA00004572,Healthy,chr17 60663262 CA>C,PPM1D,0,0.0054,584
PA00005117,Healthy,chr17 60663262 CA>C,PPM1D,0.0038,0.0053,90
PA00008474,Healthy,chr17 60663157 G>T,PPM1D,0.0685,0.0565,109.5
PA00009139,Healthy,chr17 60663324 TC>T,PPM1D,0.006,0.0091,839.5
PA00033828,Healthy,chr17 60663083 TA>T,PPM1D,0.0029,8e-04,657
10175002,Carboplatin,chr17 60663301 G>GCCCAAGAAATTGAAAGAACCCCTCCAACAAACTTTAAAAGGACATTAGAAGAGTC,PPM1D,0.0013,0.0054,84
10175002,Carboplatin,chr17 60663448 C>T,PPM1D,3e-04,0.0023,84
10305005,Carboplatin,chr17 60663168 C>A,PPM1D,0.0016,0.0165,198
10305005,Carboplatin,chr17 60663181 AC>A,PPM1D,0.0016,0.0131,198
1100003,Carboplatin,chr17 60663388 C>T,PPM1D,6e-04,0.002,84
12155003,Carboplatin,chr17 60663071 C>G,PPM1D,0.0027,0.0772,113
12155003,Carboplatin,chr17 60663144 TC>T,PPM1D,0.0016,0.0274,113
12155003,Carboplatin,chr17 60663262 CA>C,PPM1D,0.0043,0.0253,113
12155003,Carboplatin,chr17 60663136 TCAAAAGATCCAGAACCACTTGAAG>T,PPM1D,7.64233855559801e-05,0.008565973,113
12155003,Carboplatin,chr17 60663388 C>T,PPM1D,6e-04,0.0039,113
12155003,Carboplatin,chr17 60663333 CT>C,PPM1D,0,0.0038,113
12155003,Carboplatin,chr17 60663182 CT>C,PPM1D,5e-04,0.0034,113
12215003,Carboplatin,chr17 60663448 C>T,PPM1D,8e-04,0.0058,182
12215004,Carboplatin,chr17 60663168 C>A,PPM1D,0.0062,0.0535,91
12215004,Carboplatin,chr17 60663148 G>T,PPM1D,7e-04,0.0078,91
12215004,Carboplatin,chr17 60663172 A>T,PPM1D,4e-04,0.0059,91
12215004,Carboplatin,chr17 60663370 CT>C,PPM1D,4e-04,0.005,91
12225001,Carboplatin,chr17 60663013 TGG>T,PPM1D,7e-04,0.005,196
12555009,Carboplatin,chr17 60663083 T>A,PPM1D,0.000433088,0.002388735,168
1350004,Carboplatin,chr17 60663106 C>T,PPM1D,5e-04,0.0053,91
1350008,Carboplatin,chr17 60663169 G>CT,PPM1D,7e-04,0.0039,83
1350008,Carboplatin,chr17 60663167 G>GC,PPM1D,0.000759,0.003754,83
9330001,Carboplatin,chr17 60663014 G>A,PPM1D,4e-04,0.0029,84
9510004,Carboplatin,chr17 60663515 T>A,PPM1D,6e-04,0.005,99
1108236,Carboplatin,chr17 60663160 GA>G,PPM1D,0.0022,0.0122,469
1108236,PARPi,chr17 60663160 GA>G,PPM1D,0.001,0.0018,809
1118815,Carboplatin,chr17 60663262 CA>C,PPM1D,0.004,0,168
1118815,Carboplatin,chr17 60663062 A>ATG,PPM1D,0.001,0.0028,168
1141596,PARPi,chr17 60663337 A>T,PPM1D,0.0123,0.0233,464
1141596,PARPi,chr17 60663385 AG>A,PPM1D,0.0105,0.0052,464
1141596,PARPi,chr17 60663194 A>AT,PPM1D,0.0047,0.003,464
1141596,PARPi,chr17 60663106 C>T,PPM1D,0.0039,0.0027,464
1141596,PARPi,chr17 60663362 CT>C,PPM1D,0.0024,0.004,464
1141596,PARPi,chr17 60663075 GA>G,PPM1D,0.0025,0.0031,464
115337,Carboplatin,chr17 60663262 C>CA,PPM1D,0.000980953,0.005853955,101
115337,Carboplatin,chr17 60663242 C>G,PPM1D,4e-04,0.0015,101
115337,Carboplatin,chr17 60663276 G>GA,PPM1D,0.000103632,0.001354824,101
115337,Carboplatin,chr17 60663388 C>T,PPM1D,9e-04,0.0012,101
1325756,PARPi,chr17 60663077 AT>A,PPM1D,0.0018,0.0076,140
1325756,PARPi,chr17 60663388 C>T,PPM1D,0.0011,0.0032,140
1334878,Carboplatin,chr17 60663347 T>G,PPM1D,0.002092739,0.00166804,63
1339966,Carboplatin,chr17 60663262 C>CA,PPM1D,0.001859427,0.002162702,72
1347733,Carboplatin,chr17 60663106 C>T,PPM1D,0.137,0.3886,98
1347733,Carboplatin,chr17 60663037 C>CA,PPM1D,0.002588501,0.00846948,98
1347733,Carboplatin,chr17 60663262 CA>C,PPM1D,0.003705,0.004131,98
1354292,PARPi,chr17 60663239 AT>A,PPM1D,0.0083,0.0898,468
1354292,PARPi,chr17 60663461 TT>AAC,PPM1D,0.0019,0.0127,468
1354292,PARPi,chr17 60663304 C>T,PPM1D,0.0014,0.0091,468
1354292,PARPi,chr17 60663042 ACC>A,PPM1D,0.0015,0.0082,468
1354292,PARPi,chr17 60663237 TA>T,PPM1D,0.000448709,0.00373057,468
1354292,PARPi,chr17 60663324 TC>T,PPM1D,6e-04,0.0028,468
1354292,PARPi,chr17 60663200 CT>C,PPM1D,2e-04,0.0023,468
1373302,Carboplatin,chr17 60663170 CT>C,PPM1D,0.0507,0.1118,217
1373302,Carboplatin,chr17 60663133 CCCTCAAAAGA>AGAGGG,PPM1D,0.0399,0.0333,217
1373302,Carboplatin,chr17 60663077 AT>A,PPM1D,0.0259,0.0266,217
1373302,Carboplatin,chr17 60663262 CA>C,PPM1D,0.0156,0.0116,217
1373302,Carboplatin,chr17 60663376 A>T,PPM1D,0.0098,0.0052,217
1373302,Carboplatin,chr17 60663333 CT>C,PPM1D,0.0083,0.0036,217
1373302,Carboplatin,chr17 60663153 ACTTGAAGAAAATTGCG>A,PPM1D,0.0056,0.0069,217
1373302,Carboplatin,chr17 60663345 AT>A,PPM1D,0.0023,0.0014,217
1373302,Carboplatin,chr17 60663156 TG>T,PPM1D,0.0019,0.0036,217
1373302,Carboplatin,chr17 60663129 CA>C,PPM1D,0.0016,0.0023,217
1373302,Carboplatin,chr17 60663182 CT>C,PPM1D,5e-04,0.0023,217
1387366,Carboplatin,chr17 60663281 C>G,PPM1D,0.0155,0.02,35
1396229,PARPi,chr17 60663262 CA>C,PPM1D,0,0.0034,264
1396537,Carboplatin,chr17 60663297 GA>G,PPM1D,4e-04,0.0052,151
1426386,PARPi,chr17 60663118 C>T,PPM1D,0.0511,0.0275,404
1426386,PARPi,chr17 60663200 CT>C,PPM1D,0.023,0.0122,404
1426386,PARPi,chr17 60663274 A>T,PPM1D,0.0025,0.0012,404
1426672,PARPi,chr17 60663262 CA>C,PPM1D,0.0292,0.0394,114
1426672,PARPi,chr17 60663166 TG>T,PPM1D,0.0046,0.008,114
1426672,PARPi,chr17 60663118 C>T,PPM1D,0.0097,0.0148,114
1426672,PARPi,chr17 60663290 GCCAAATGA>T,PPM1D,0.0034,0.0033,114
1426672,PARPi,chr17 60663363 TG>T,PPM1D,0.004,0.0044,114
1426672,PARPi,chr17 60663182 CTT>C,PPM1D,0.0025,0.004,114
1426672,PARPi,chr17 60663370 CT>C,PPM1D,0.0021,0.0032,114
1426672,PARPi,chr17 60663111 G>GA,PPM1D,0.002,0.0028,114
1426672,PARPi,chr17 60663362 C>TT,PPM1D,0.0017,0.0036,114
1426672,PARPi,chr17 60663287 CTGGCCAAA>C,PPM1D,4e-04,0.002799,114
1450422,Carboplatin,chr17 60663448 C>T,PPM1D,0.0016,0.0038,42
1530395,Carboplatin,chr17 60663262 C>T,PPM1D,0.000944436,0.004530158,1240
1536848,Carboplatin,chr17 60663292 C>T,PPM1D,0.0014,0.0303,751
1536848,PARPi,chr17 60663292 C>T,PPM1D,0.0514,0.066,102
1536848,Carboplatin,chr17 60663333 CT>C,PPM1D,0.0014,0.0317,751
1536848,PARPi,chr17 60663333 CT>C,PPM1D,0.0935,0.1305,102
1536848,Carboplatin,chr17 60663144 TC>T,PPM1D,7e-04,0.0084,751
1536848,PARPi,chr17 60663144 TC>T,PPM1D,0.0047,0.0075,102
1536848,Carboplatin,chr17 60663307 GA>G,PPM1D,0,0.002,751
1536848,PARPi,chr17 60663307 GA>G,PPM1D,8e-04,0.001871,102
1536848,Carboplatin,chr17 60663365 G>GC,PPM1D,0,0.0012,751
1536848,PARPi,chr17 60663365 G>GC,PPM1D,0.0029,0.0043,102
1536848,Carboplatin,chr17 60663283 ACT>A,PPM1D,8.92299455697332e-05,0.00169172,751
1536848,PARPi,chr17 60663283 ACT>A,PPM1D,0.0025,0.0031,102
1536848,PARPi,chr17 60663388 C>T,PPM1D,0.002,0.0013,102
1537527,Carboplatin,chr17 60663445 C>T,PPM1D,0.001,0.0022,83
1537527,Carboplatin,chr17 60663448 C>T,PPM1D,6e-04,0.0021,83
1537527,PARPi,chr17 60663448 C>T,PPM1D,4e-04,0.0012,76
1567490,PARPi,chr17 60663251 CT>C,PPM1D,0.0019,0.0033,470
1567490,PARPi,chr17 60663313 G>T,PPM1D,3e-04,0.0022,470
1592759,Carboplatin,chr17 60663168 C>A,PPM1D,0.0076,0.0086,86
1592759,PARPi,chr17 60663168 C>A,PPM1D,0,0.0073,1350
1592759,Carboplatin,chr17 60663262 CA>C,PPM1D,0.0048,0,86
1608579,PARPi,chr17 60663388 C>T,PPM1D,5e-04,0.0033,965
1619820,Carboplatin,chr17 60663523 C>T,PPM1D,0.0094,0.0275,84
1619820,Carboplatin,chr17 60663175 GC>G,PPM1D,7e-04,0.0029,84
1631988,PARPi,chr17 60663347 T>G,PPM1D,0.0043,0.0332,57
1637996,Carboplatin,chr17 60663180 GACTTT>G,PPM1D,3e-04,0.002,146
1644510,Carboplatin,chr17 60663475 C>T,PPM1D,5e-04,0.0037,61
1648855,PARPi,chr17 60663329 CA>C,PPM1D,4e-04,0.008,168
1648855,PARPi,chr17 60663106 C>T,PPM1D,7e-04,0.0028,168
1648855,PARPi,chr17 60663445 C>T,PPM1D,6e-04,0.0021,168
1648855,PARPi,chr17 60663388 C>T,PPM1D,6e-04,0.0021,168
1648855,PARPi,chr17 60663160 GA>G,PPM1D,5e-04,0.002,168
1673333,PARPi,chr17 60663156 T>TG,PPM1D,0.0351,0.0087,322
1673333,PARPi,chr17 60663168 C>A,PPM1D,0.0299,0.0058,322
1673333,PARPi,chr17 60663092 C>G,PPM1D,0.0246,0.0046,322
1673333,PARPi,chr17 60663365 GC>G,PPM1D,0.0047,9e-04,322
1673333,PARPi,chr17 60663014 G>A,PPM1D,0.007471853,0.001873616,322
1673333,PARPi,chr17 60663145 CCAGAACCACTTGAA>C,PPM1D,0.0038,6e-04,322
1673333,PARPi,chr17 60663388 C>T,PPM1D,0.0029,0.001,322
1673333,PARPi,chr17 60663291 CCAAAT>C,PPM1D,0.0028,0.001,322
1673333,PARPi,chr17 60663370 CT>C,PPM1D,0.0028,2e-04,322
1673333,PARPi,chr17 60663083 T>A,PPM1D,0.0026,5e-04,322
1673333,PARPi,chr17 60663077 ATT>A,PPM1D,0.002186235,0.000505863,322
1673333,PARPi,chr17 60663340 AG>A,PPM1D,0.0021,0.000433,322
1683705,Carboplatin,chr17 60663168 C>A,PPM1D,0.000152654,0.0030191,543
1694400,PARPi,chr17 60663077 A>AT,PPM1D,0.012,0.2489,249
1694400,PARPi,chr17 60663388 C>T,PPM1D,0.0014,0.0116,249
1694400,PARPi,chr17 60663182 C>CT,PPM1D,2.57944696657037e-05,0.004971475,249
1694400,PARPi,chr17 60663314 AAAGAACC>A,PPM1D,0,0.0036457,249
1702898,Carboplatin,chr17 60663388 C>T,PPM1D,0.001,0.0159,126
1702898,Carboplatin,chr17 60663118 C>T,PPM1D,0,0.002,126
1720414,Carboplatin,chr17 60663262 CA>C,PPM1D,0,0.0054,775
1729295,Carboplatin,chr17 60663262 CA>C,PPM1D,0.0047,0.0062,124
1734269,PARPi,chr17 60663120 AG>A,PPM1D,0.0019,0.013,63
1734269,PARPi,chr17 60663015 G>A,PPM1D,0.0011,0.0021,63
1737022,PARPi,chr17 60663262 C>T,PPM1D,0.0458,0.1247,168
1737022,PARPi,chr17 60663015 G>A,PPM1D,0.0274,0.06,168
1737022,PARPi,chr17 60663037 C>CA,PPM1D,0.0111,0.0244,168
1737022,PARPi,chr17 60663137 C>G,PPM1D,0.0092,0.0163,168
1737022,PARPi,chr17 60663077 AT>A,PPM1D,0.0033,0.0102,168
1737022,PARPi,chr17 60663281 C>G,PPM1D,0.0024,0.0033,168
1737022,PARPi,chr17 60663361 TCTGGCCCC>T,PPM1D,0.0021,0.0057,168
1737022,PARPi,chr17 60663144 TC>T,PPM1D,0.0017,0.0021,168
1739789,PARPi,chr17 60663262 CA>C,PPM1D,0.0035,0.003,174
1747097,Carboplatin,chr17 60663274 A>T,PPM1D,0.0032,0.0456,420
1747097,Carboplatin,chr17 60663251 C>CT,PPM1D,0.0025,0.0929,420
1747097,Carboplatin,chr17 60663269 AT>A,PPM1D,0.000449969,0.009339897,420
1747097,Carboplatin,chr17 60663015 G>A,PPM1D,6e-04,0.0094,420
1747097,Carboplatin,chr17 60663281 C>G,PPM1D,4e-04,0.0046,420
1747097,Carboplatin,chr17 60663137 C>G,PPM1D,9.78186442335909e-05,0.004005212,420
1747097,Carboplatin,chr17 60663307 G>T,PPM1D,2e-04,0.0029,420
1747097,Carboplatin,chr17 60663170 CT>C,PPM1D,0.000363,0.0021,420
1747097,Carboplatin,chr17 60663388 C>T,PPM1D,4e-04,0.002,420
1749149,Carboplatin,chr17 60663475 C>T,PPM1D,0.0024,0.0058,91
1755649,Carboplatin,chr17 60663388 C>T,PPM1D,0.0014,0.0155,363
1755649,Carboplatin,chr17 60663262 CAA>C,PPM1D,0.000695634,0.008262329,363
1755649,Carboplatin,chr17 60663014 G>A,PPM1D,5e-04,0.0075,363
1755649,Carboplatin,chr17 60663334 TTTAAAAGGACATTAG>T,PPM1D,0.000252829,0.005835363,363
1755649,Carboplatin,chr17 60662996 C>A,PPM1D,0.000197954,0.004164906,363
1755649,Carboplatin,chr17 60663092 C>G,PPM1D,0.000257666,0.002208724,363
1755649,Carboplatin,chr17 60663168 C>A,PPM1D,0.000115095,0.002226336,363
1755649,Carboplatin,chr17 60663273 GAA>G,PPM1D,0,0.0021,363
1778499,PARPi,chr17 60663468 C>CA,PPM1D,0.0057,0.0445,252
1778499,PARPi,chr17 60663172 A>AT,PPM1D,0.0026,0.0335,252
1778499,PARPi,chr17 60663304 C>T,PPM1D,4e-04,0.0032,252
1778499,PARPi,chr17 60663269 AT>A,PPM1D,4e-04,0.0027,252
1778499,PARPi,chr17 60663333 CT>C,PPM1D,2e-04,0.0027,252
1779924,PARPi,chr17 60663448 C>T,PPM1D,7e-04,0.0036,251
1782310,Carboplatin,chr17 60663095 CT>C,PPM1D,9e-04,0.0027,61
1782310,PARPi,chr17 60663095 CT>C,PPM1D,0,0.0017,135
1786242,PARPi,chr17 60663262 CA>C,PPM1D,0.003,0.0051,406
1788165,PARPi,chr17 60663019 AG>A,PPM1D,0.001234,0.0064,98
1788165,PARPi,chr17 60663185 T>A,PPM1D,0.000324725,0.004917441,98
1792676,Carboplatin,chr17 60663448 C>T,PPM1D,0.0104,0.0166,112
1799068,PARPi,chr17 60663156 TG>T,PPM1D,0.000276,0.0015,357
1799068,PARPi,chr17 60663077 AT>A,PPM1D,0,0.0018,357
1799068,PARPi,chr17 60663144 TC>T,PPM1D,0,0.001,357
1799068,PARPi,chr17 60663015 G>A,PPM1D,5e-04,8e-04,357
1799068,PARPi,chr17 60663147 AG>A,PPM1D,4e-04,7e-04,357
1799068,PARPi,chr17 60663109 G>T,PPM1D,3e-04,3e-04,357
1799371,Carboplatin,chr17 60663015 G>A,PPM1D,0.0048,0.0326,105
1799371,Carboplatin,chr17 60663281 CA>C,PPM1D,0.0038,0.0181,105
1799371,Carboplatin,chr17 60663352 G>T,PPM1D,0.0013,0.0089,105
1799371,Carboplatin,chr17 60663200 CT>C,PPM1D,0.0015,0.0153,105
1799371,Carboplatin,chr17 60663169 GC>G,PPM1D,7e-04,0.0049,105
1799371,Carboplatin,chr17 60663388 C>T,PPM1D,5e-04,0.0028,105
1799371,Carboplatin,chr17 60663160 G>T,PPM1D,0.000199508,0.002425726,105
1803310,PARPi,chr17 60663153 ACTTGAAG>A,PPM1D,0.0039,0.0052,71
1803310,PARPi,chr17 60663160 G>T,PPM1D,0.0025,0.0029,71
1803310,PARPi,chr17 60663247 AAC>A,PPM1D,0.001,0.0025,71
1803800,Carboplatin,chr17 60663262 CA>C,PPM1D,0.0048,0.0052,140
1803800,Carboplatin,chr17 60663101 T>TAGCTCGAGAGAATGTCCAAGGTGTAGTCATACCCTCAAAAGATCCAGAACCACTTGAAGAAA,PPM1D,2e-04,0.0037,140
1810711,PARPi,chr17 60663110 AG>A,PPM1D,0.088,0.0545,233
1810711,PARPi,chr17 60663015 G>A,PPM1D,0.0042,0.0017,233
1810711,PARPi,chr17 60663262 C>T,PPM1D,0.002896261,0.00145088,233
1810711,PARPi,chr17 60663269 A>AG,PPM1D,0.002,0.0011,233
1812344,PARPi,chr17 60663168 C>A,PPM1D,0.0078,0.0075,238
1812344,PARPi,chr17 60663077 AT>A,PPM1D,0.0026,0.0023,238
1812344,PARPi,chr17 60663109 GA>G,PPM1D,0.0026,0.0012,238
1825092,PARPi,chr17 60663262 CA>C,PPM1D,0.0046,0.0032,256
1825092,PARPi,chr17 60663347 T>G,PPM1D,0.001,0.0071,256
1826232,PARPi,chr17 60663262 CA>C,PPM1D,0.0047,0.0061,259
1826232,PARPi,chr17 60663168 C>A,PPM1D,5e-04,5e-04,259
1826251,PARPi,chr17 60663083 T>A,PPM1D,0.0025,0.098,133
1826251,PARPi,chr17 60663144 TC>T,PPM1D,5e-04,0.0192,133
1826251,PARPi,chr17 60663329 CA>C,PPM1D,0,0.0143,133
1826251,PARPi,chr17 60663448 C>T,PPM1D,5e-04,0.0105,133
1826251,PARPi,chr17 60663251 CT>C,PPM1D,0,0.004774852,133
1826251,PARPi,chr17 60663181 ACT>A,PPM1D,0.000144186,0.003791673,133
1826251,PARPi,chr17 60663185 TAAGG>A,PPM1D,0,0.0036,133
1826251,PARPi,chr17 60663184 TTAAG>T,PPM1D,3.62660477261188e-05,0.003266683,133
1826251,PARPi,chr17 60663144 T>TC,PPM1D,0,0.002553,133
1826251,PARPi,chr17 60663160 GA>G,PPM1D,0,0.0023,133
1826251,PARPi,chr17 60663110 AG>A,PPM1D,0,0.002060684,133
1834410,PARPi,chr17 60663014 G>A,PPM1D,0.0137,0.0283,219
1834410,PARPi,chr17 60663168 C>A,PPM1D,0.0101,0.0333,219
1834410,PARPi,chr17 60663448 C>T,PPM1D,0.0075,0.0201,219
1834410,PARPi,chr17 60663255 C>CA,PPM1D,0.0027,0.0038,219
1834410,PARPi,chr17 60663095 CT>C,PPM1D,0.0028,0.0051,219
1834410,PARPi,chr17 60663262 CA>C,PPM1D,0.004,0.0055,219
1834410,PARPi,chr17 60663077 AT>A,PPM1D,0.0015,0.0022,219
1834410,PARPi,chr17 60663040 A>ATACC,PPM1D,0.0013,0.0022,219
1878133,PARPi,chr17 60663182 CT>C,PPM1D,0.0027,0.0058,54
1878133,PARPi,chr17 60663448 C>T,PPM1D,0.0012,0.0021,54
1897368,PARPi,chr17 60663100 AT>A,PPM1D,0.2594,0.2583,285
1897368,PARPi,chr17 60663099 GA>G,PPM1D,0.0018,0.0018,285
1910473,PARPi,chr17 60663079 T>TTAAAA,PPM1D,0.0164,0.0523,168
1910473,PARPi,chr17 60663262 CA>C,PPM1D,0,0.0048,168
1910473,PARPi,chr17 60663083 T>A,PPM1D,6e-04,0.0034,168
1910473,PARPi,chr17 60663370 CT>C,PPM1D,0.0011,0.0033,168
1910473,PARPi,chr17 60663168 C>A,PPM1D,0.0012,0.0033,168
1910473,PARPi,chr17 60663269 AT>A,PPM1D,8e-04,0.0028,168
1910473,PARPi,chr17 60663388 C>T,PPM1D,0.0011,0.0024,168
191197,PARPi,chr17 60663281 C>G,PPM1D,0.0021,0.0025,84
1923454,PARPi,chr17 60663015 G>A,PPM1D,0.0013,0.0046,107
1932899,Carboplatin,chr17 60663148 GA>G,PPM1D,0.0031,0.0629,154
1932899,Carboplatin,chr17 60663207 T>TA,PPM1D,0.0011,0.039,154
1932899,Carboplatin,chr17 60662997 ACT>A,PPM1D,0.0013,0.0244,154
1932899,Carboplatin,chr17 60663388 C>T,PPM1D,9e-04,0.0033,154
1948372,PARPi,chr17 60663274 A>T,PPM1D,0.005,0.0111,112
1967684,PARPi,chr17 60663337 A>T,PPM1D,0.0335,0.0514,56
1967684,PARPi,chr17 60663265 A>T,PPM1D,0.0032,0.0053,56
1967684,PARPi,chr17 60663167 GC>G,PPM1D,0.0026,0.005,56
1967684,PARPi,chr17 60663178 CT>TA,PPM1D,0.0025,0.0046,56
1967684,PARPi,chr17 60663073 GA>G,PPM1D,0.0014,0.0025,56
1967684,PARPi,chr17 60663185 T>A,PPM1D,9e-04,0.0025,56
1968673,PARPi,chr17 60663262 CA>C,PPM1D,0.0035,0.0048,56
1973348,PARPi,chr17 60663168 C>A,PPM1D,0.0031,0.0055,56
2038431,PARPi,chr17 60663111 GA>G,PPM1D,0.0059,0.019,448
2038431,PARPi,chr17 60663262 CA>C,PPM1D,0.005,0.0063,448
2038431,PARPi,chr17 60663168 C>A,PPM1D,0.0047,0.0258,448
2038431,PARPi,chr17 60663014 G>A,PPM1D,0.0041,0.0077,448
2038431,PARPi,chr17 60663388 C>T,PPM1D,0.004,0.0138,448
2038431,PARPi,chr17 60663365 G>GC,PPM1D,0.0017,0.0072,448
2038431,PARPi,chr17 60663301 GC>G,PPM1D,0.0011,0.0044,448
2038431,PARPi,chr17 60663242 C>G,PPM1D,0.0011,0.0037,448
2038431,PARPi,chr17 60663077 AT>A,PPM1D,0.001,0.0029,448
2038431,PARPi,chr17 60663281 C>G,PPM1D,5e-04,0.0027,448
2038431,PARPi,chr17 60663292 CA>C,PPM1D,0.00088,0.0028,448
2038431,PARPi,chr17 60663336 TA>T,PPM1D,8e-04,0.0027,448
2038431,PARPi,chr17 60663113 AT>A,PPM1D,0.000483963,0.002227893,448
2038431,PARPi,chr17 60663329 CA>C,PPM1D,0.000712,0.0022,448
2038431,PARPi,chr17 60663106 C>T,PPM1D,9e-04,0.0021,448
2038431,PARPi,chr17 60663449 G>GA,PPM1D,5e-04,0.0021,448
2038431,PARPi,chr17 60663185 T>A,PPM1D,4e-04,0.002,448
2041190,PARPi,chr17 60663011 CA>C,PPM1D,0.0224,0.0181,112
2041190,PARPi,chr17 60663168 C>A,PPM1D,0.0034,0.0033,112
2042633,PARPi,chr17 60663475 C>T,PPM1D,0.0082,0.026,448
2042633,PARPi,chr17 60663168 C>A,PPM1D,0.006,0.0095,448
2042633,PARPi,chr17 60663333 CT>C,PPM1D,0.0026,0.0045,448
2042633,PARPi,chr17 60663363 TG>T,PPM1D,0.002259,3e-04,448
2042633,PARPi,chr17 60663118 C>T,PPM1D,0.002,0.0024,448
2042633,PARPi,chr17 60663365 GC>A,PPM1D,0.0019,0.0133,448
2042633,PARPi,chr17 60663262 CA>C,PPM1D,0.0032,0.0073,448
2042633,PARPi,chr17 60663448 C>T,PPM1D,5e-04,0.0057,448
2042633,PARPi,chr17 60663185 T>A,PPM1D,6e-04,0.0048,448
2042633,PARPi,chr17 60663164 AT>A,PPM1D,0.0012,0.0037,448
2042633,PARPi,chr17 60663296 TG>T,PPM1D,0.000152753,0.003013864,448
2044570,PARPi,chr17 60663262 CA>C,PPM1D,0.0046,0,371
2045489,Carboplatin,chr17 60663106 C>T,PPM1D,0.0048,0.0153,63
2053831,PARPi,chr17 60663458 CTG>C,PPM1D,0.0023,0.0175,252
2053831,PARPi,chr17 60663448 C>T,PPM1D,6e-04,0.0071,252
2053831,PARPi,chr17 60663203 T>A,PPM1D,7e-04,0.0067,252
2053831,PARPi,chr17 60663388 C>T,PPM1D,6e-04,0.0066,252
2053831,PARPi,chr17 60663175 GC>G,PPM1D,4e-04,0.0056,252
2053831,PARPi,chr17 60663329 CA>C,PPM1D,1e-04,0.0021,252
2053831,PARPi,chr17 60663154 CT>C,PPM1D,2e-04,0.002,252
2098310,PARPi,chr17 60663071 C>G,PPM1D,0.005588235,0.001198442,97
2098310,PARPi,chr17 60663448 C>T,PPM1D,0.0038,0.0016,97
2105089,PARPi,chr17 60663015 G>A,PPM1D,0.0103,0.0015,203
2105089,PARPi,chr17 60663152 CA>C,PPM1D,0.0022,3e-04,203
2131385,Carboplatin,chr17 60663333 C>CTT,PPM1D,0,0.00018286,48
2158430,Carboplatin,chr17 60663177 CCT>C,PPM1D,0.0133,0.029,42
2158430,Carboplatin,chr17 60663083 T>A,PPM1D,0.0102,0.0161,42
330923,Carboplatin,chr17 60663262 CA>C,PPM1D,0.0035,0.0032,369
366206,Carboplatin,chr17 60663200 C>CTTTGAATAATAGCCTTCCAATTGGCCTTGTGCCTACTAAT,PPM1D,0.0102,0.0205,140
366206,Carboplatin,chr17 60663179 TGACTTTAA>T,PPM1D,0.001,0.0023,140
4057,Carboplatin,chr17 60663295 ATGAAAGCCCAAGAAAT>A,PPM1D,0.003,0.0115,75
4057,Carboplatin,chr17 60663262 CA>C,PPM1D,0.0036,0.008,75
4057,Carboplatin,chr17 60663077 AT>A,PPM1D,0.0016,0.0024,75
576532,PARPi,chr17 60663185 T>G,PPM1D,0.015,0.0282,441
576532,PARPi,chr17 60663335 TTAAA>T,PPM1D,0.0103,0.0055,441
576532,PARPi,chr17 60663448 C>T,PPM1D,0.01,0.0124,441
576532,PARPi,chr17 60663014 G>A,PPM1D,0.0088,0.0163,441
576532,PARPi,chr17 60662996 C>G,PPM1D,0.007,0.0049,441
576532,PARPi,chr17 60663337 A>T,PPM1D,0.0062,0.0046,441
576532,PARPi,chr17 60663160 GA>G,PPM1D,0.003,0.0055,441
576532,PARPi,chr17 60663307 G>T,PPM1D,0.0031,0.0068,441
576532,PARPi,chr17 60663463 A>T,PPM1D,0.0028,0.0013,441
58830,Carboplatin,chr17 60663365 G>GC,PPM1D,0.14,0.1492,60
58830,Carboplatin,chr17 60663445 C>T,PPM1D,0.0508,0.0481,60
58830,Carboplatin,chr17 60663168 C>A,PPM1D,0.0379,0.0462,60
58830,Carboplatin,chr17 60663150 AC>A,PPM1D,0.03,0.039,60
58830,Carboplatin,chr17 60663262 CA>C,PPM1D,0.0132,0.0156,60
58830,Carboplatin,chr17 60663092 C>G,PPM1D,0.0167,0.0213,60
58830,Carboplatin,chr17 60663005 AG>A,PPM1D,0.021,0.025,60
58830,Carboplatin,chr17 60663250 ACT>A,PPM1D,0.0074,0.0107,60
58830,Carboplatin,chr17 60663288 TG>T,PPM1D,0.0057,0.0081,60
58830,Carboplatin,chr17 60663313 G>T,PPM1D,0.006,0.0045,60
58830,Carboplatin,chr17 60663262 C>T,PPM1D,0.003063787,0.002686988,60
58830,Carboplatin,chr17 60663004 G>T,PPM1D,0.001,0.0024,60
663882,Carboplatin,chr17 60663388 C>T,PPM1D,0.0043,0.0224,132
663882,Carboplatin,chr17 60663154 CT>C,PPM1D,0.0037,0.0358,132
663882,Carboplatin,chr17 60663262 CA>C,PPM1D,0.003,0.0061,132
663882,Carboplatin,chr17 60663064 GC>G,PPM1D,0.000116489,0.00215783,132
72938,Carboplatin,chr17 60663106 C>T,PPM1D,0.0041,0.0096,84
82148,PARPi,chr17 60663313 G>T,PPM1D,0.0124,0.1304,553
82148,PARPi,chr17 60663345 AT>A,PPM1D,0.0023,0.0212,553
82148,PARPi,chr17 60663448 C>T,PPM1D,0.002,0.0089,553
82148,PARPi,chr17 60663262 C>CA,PPM1D,0.0012208,0.014863831,553
82148,PARPi,chr17 60663077 AT>A,PPM1D,0.0016,0.0143,553
82148,PARPi,chr17 60663257 TG>T,PPM1D,0.001,0.0139,553
82148,PARPi,chr17 60663329 CA>C,PPM1D,5e-04,0.0058,553
82148,PARPi,chr17 60663443 C>A,PPM1D,2e-04,0.0053,553
831409,PARPi,chr17 60662996 C>A,PPM1D,8e-04,0.0024,294
907411,PARPi,chr17 60663144 TC>T,PPM1D,0.0014,0.0028,142
957089,PARPi,chr17 60663262 C>CA,PPM1D,0.004749613,0.002009523,240
957089,PARPi,chr17 60663185 T>G,PPM1D,0.0027,0.002,240
957089,PARPi,chr17 60663160 G>T,PPM1D,0.0034,0.0018,240
957089,PARPi,chr17 60663333 CT>C,PPM1D,0.0038,0.0012,240
957089,PARPi,chr17 60663333 CTT>C,PPM1D,0.001122,0.000896,240
957089,PARPi,chr17 60663388 C>T,PPM1D,0.001,0.0014,240
957089,PARPi,chr17 60663375 GA>G,PPM1D,0.0017,7e-04,240
957089,PARPi,chr17 60663171 TA>T,PPM1D,0.0014,0.0016,240
970359,Carboplatin,chr17 60663185 TAA>G,PPM1D,0.0021,0.0066,77
970359,Carboplatin,chr17 60663184 TTA>T,PPM1D,0.002043,0.006353,77
970359,Carboplatin,chr17 60663319 AC>A,PPM1D,0.0019,0.005,77
U10-WU-032,Carboplatin,chr17 60663004 G>T,PPM1D,0.0012,0.013092333,137
U10-WU-078,Carboplatin,chr17 60663014 G>A,PPM1D,0,0.001579,242
U10-WU-084,Carboplatin,chr17 60663017 CA>C,PPM1D,0,0.001082,78
U10-WU-090,Carboplatin,chr17 60663060 CA>C,PPM1D,0,0.0018605,99
U10-WU-031,Carboplatin,chr17 60663071 CAG>C,PPM1D,0,0.003004,94
U10-WU-090,Carboplatin,chr17 60663100 AT>A,PPM1D,0.000492126,0.00149229,99
U10-WU-027,Carboplatin,chr17 60663106 C>T,PPM1D,0,0.0016695,96
U10-WU-031,Carboplatin,chr17 60663168 C>A,PPM1D,0,0.002312,94
U10-WU-078,Carboplatin,chr17 60663168 C>A,PPM1D,0,0.0013955,242
U10-WU-026,Carboplatin,chr17 60663182 CT>C,PPM1D,0.001,0,95
U10-WU-090,Carboplatin,chr17 60663260 ACC>A,PPM1D,0.000162048,0.00301515,99
U10-WU-078,Carboplatin,chr17 60663262 C>CA,PPM1D,0,0.0056255,242
U10-WU-027,Carboplatin,chr17 60663269 AT>A,PPM1D,0,0.0016545,96
U10-WU-078,Carboplatin,chr17 60663280 TC>T,PPM1D,0,0.001464,242
U10-WU-078,Carboplatin,chr17 60663281 C>A,PPM1D,0,0.010548,242
U10-WU-032,Carboplatin,chr17 60663281 C>G,PPM1D,0.000581395,0.00392773,137
U10-WU-026,Carboplatin,chr17 60663292 C>T,PPM1D,0,0.0026895,95
U10-WU-078,Carboplatin,chr17 60663292 CA>C,PPM1D,0,0.0026,242
U10-WU-078,Carboplatin,chr17 60663307 GA>G,PPM1D,0,0.006973,242
U10-WU-090,Carboplatin,chr17 60663328 AC>A,PPM1D,0.012456667,0.021632333,99
U10-WU-078,Carboplatin,chr17 60663370 CT>C,PPM1D,0,0.004358667,242
U10-WU-078,Carboplatin,chr17 60663385 A>T,PPM1D,0,0.010581667,242
U10-WU-084,Carboplatin,chr17 60663388 C>T,PPM1D,0.0010805,0.008053,78
U10-WU-078,Carboplatin,chr17 60663448 C>T,PPM1D,0,0.0041455,242
U10-WU-090,Carboplatin,chr17 60663448 C>T,PPM1D,0,0.0011,99
U10-WU-027,Carboplatin,chr17 60663147 AGAACCAC>A,PPM1D,0.004023667,0.074857333,96
U10-WU-090,Carboplatin,chr17 60663245 C>CAAACACT,PPM1D,0.0014014,0.00206019,99
PA00000852,Healthy,chr17 7674247 T>C,TP53,0.005,0.0037,693.5
PA00002542,Healthy,chr17 7673820 C>T,TP53,0.0027,0.003,328.5
PA00002608,Healthy,chr17 7674242 A>C,TP53,0.054622,0.046857,328.5
PA00002608,Healthy,chr17 7674241 G>A,TP53,0.054621,0.046664,328.5
PA00002608,Healthy,chr17 7674243 A>T,TP53,0.05443,0.047071,328.5
PA00002646,Healthy,chr17 7674947 A>G,TP53,7e-04,0.0233,1277.5
PA00002819,Healthy,chr17 7674230 C>T,TP53,0.0021,0.0023,693.5
PA00002968,Healthy,chr17 7669644 GT>G,TP53,0,0.0047,328.5
PA00002968,Healthy,chr17 7674873 A>G,TP53,7e-04,0.002,328.5
PA00003331,Healthy,chr17 7674957 G>A,TP53,0.0062,0.0054,365
PA00003441,Healthy,chr17 7674917 T>C,TP53,0.0022,0.002,328.5
PA00003636,Healthy,chr17 7674241 G>T,TP53,0.0041,0.0048,1095
PA00003677,Healthy,chr17 7675185 C>T,TP53,0.0049,0.0063,36.5
PA00003678,Healthy,chr17 7675190 C>T,TP53,0.0016,0.0043,438
PA00003698,Healthy,chr17 7675161 G>A,TP53,0.0027,0.0045,73
PA00003767,Healthy,chr17 7676040 C>G,TP53,0.038,0.0487,219
PA00003767,Healthy,chr17 7674220 C>T,TP53,0.0033,0.0038,219
PA00003767,Healthy,chr17 7673776 G>A,TP53,0.0032,0.0034,219
PA00003814,Healthy,chr17 7673781 C>G,TP53,0.0034,0.0049,547.5
PA00004444,Healthy,chr17 7673802 C>T,TP53,0.0034,0.0034,766.5
PA00005117,Healthy,chr17 7675082 G>T,TP53,0.0042,0.0059,90
PA00009349,Healthy,chr17 7674227 T>C,TP53,0.0146,0.0185,730
PA00009355,Healthy,chr17 7674230 C>T,TP53,0.0031,0.0042,255.5
10175002,Carboplatin,chr17 7674886 A>C,TP53,0.0071,0.023,84
10175002,Carboplatin,chr17 7675086 A>T,TP53,0.0024,0.0071,84
10305005,Carboplatin,chr17 7675185 C>T,TP53,0.0505,0.1591,198
10305005,Carboplatin,chr17 7673802 C>T,TP53,7e-04,0.0047,198
10305005,Carboplatin,chr17 7674250 C>T,TP53,8e-04,0.002,198
12155003,Carboplatin,chr17 7675217 T>C,TP53,0.0018,0.0121,113
12155003,Carboplatin,chr17 7674872 T>C,TP53,0.001,0.0021,113
12155006,Carboplatin,chr17 7674944 C>G,TP53,0.003,0.0029,175
12215004,Carboplatin,chr17 7675157 G>A,TP53,9e-04,0.0056,91
12215004,Carboplatin,chr17 7674887 C>T,TP53,7e-04,0.0021,91
12225001,Carboplatin,chr17 7673821 G>A,TP53,0.0039,0.002,196
12275002,Carboplatin,chr17 7674872 T>C,TP53,0.0016,0.0031,188
12435003,Carboplatin,chr17 7674221 G>A,TP53,0.0028,0.0197,188
1350004,Carboplatin,chr17 7675088 C>T,TP53,9e-04,0.0028,91
9130003,Carboplatin,chr17 7675208 C>T,TP53,0.0051,0.022,91
9350001,Carboplatin,chr17 7674196 G>A,TP53,0.0028,0.0045,90
9350004,Carboplatin,chr17 7675076 T>C,TP53,0.0011,0.0042,91
9510010,Carboplatin,chr17 7673776 G>A,TP53,0.0011,0.0031,84
1100999,Carboplatin,chr17 7673813 GCTGT>G,TP53,0.000225191,0.005699563,133
1108236,Carboplatin,chr17 7675209 A>G,TP53,0.0023,0.004,469
1108236,PARPi,chr17 7675209 A>G,TP53,0.0029,0.0029,809
1108236,Carboplatin,chr17 7673796 C>T,TP53,9e-04,0.0038,469
1108236,PARPi,chr17 7673796 C>T,TP53,5e-04,0.0016,809
1141596,PARPi,chr17 7673782 T>C,TP53,0.0055,0.0105,464
115337,Carboplatin,chr17 7674872 T>C,TP53,0.0012,0.0024,101
115337,Carboplatin,chr17 7676022 G>C,TP53,8e-04,8e-04,101
1354292,PARPi,chr17 7674872 T>C,TP53,0.002,0.0084,468
1354292,PARPi,chr17 7675092 T>A,TP53,0.0013,0.0072,468
1354292,PARPi,chr17 7675235 T>C,TP53,0.001394467,0.004305087,468
1354292,PARPi,chr17 7674250 C>T,TP53,6e-04,0.0032,468
1373302,Carboplatin,chr17 7676152 C>CG,TP53,0.0755,0.1121,217
1373302,Carboplatin,chr17 7675205 T>G,TP53,0.0703,0.098,217
1373302,Carboplatin,chr17 7674241 G>A,TP53,0.0216,0.0598,217
1373302,Carboplatin,chr17 7675223 A>G,TP53,0.0161,0.004,217
1373302,Carboplatin,chr17 7674218 T>C,TP53,0.01,0.0034,217
1373302,Carboplatin,chr17 7673539 A>G,TP53,0.0027,0.0056,217
1373302,Carboplatin,chr17 7674945 G>A,TP53,0.0016,0.0042,217
1520937,Carboplatin,chr17 7674252 C>T,TP53,0.0038,0.0041,88
1536848,Carboplatin,chr17 7673776 G>A,TP53,0.0045,0.0101,751
1536848,PARPi,chr17 7673776 G>A,TP53,0.0103,0.0106,102
1536848,Carboplatin,chr17 7674221 G>A,TP53,0.001045369,0.002384643,751
1536848,PARPi,chr17 7674221 G>A,TP53,0.0029,0.004,102
1536848,PARPi,chr17 7674872 T>C,TP53,0.002183679,0.001829547,102
1592759,Carboplatin,chr17 7674872 T>C,TP53,0.0022,0.0026,86
1592759,PARPi,chr17 7674872 T>C,TP53,0.0011,0.0033,1350
1619820,Carboplatin,chr17 7674893 C>A,TP53,0.0013,0.0026,84
1620504,Carboplatin,chr17 7675143 CGCG>C,TP53,0.0052,0.0096,77
1622439,Carboplatin,chr17 7674872 T>C,TP53,0.0011,0.0025,154
1644795,PARPi,chr17 7674873 A>G,TP53,0.0062,0.0098,245
1648855,PARPi,chr17 7674872 T>C,TP53,0.0012,0.0025,168
1648855,PARPi,chr17 7675088 C>T,TP53,6e-04,0.0024,168
1673333,PARPi,chr17 7674220 C>T,TP53,0.001953125,0.001401121,322
1686942,PARPi,chr17 7673776 G>A,TP53,0.0033,0.0046,70
1686942,PARPi,chr17 7674890 T>C,TP53,0.0014,0.0027,70
1732307,Carboplatin,chr17 7675077 G>A,TP53,0.0028,0.0013,205
1734282,PARPi,chr17 7675076 T>C,TP53,0.0018,0.0026,112
1737022,PARPi,chr17 7674278 A>C,TP53,0.0171,0.0225,168
1737022,PARPi,chr17 7674229 C>T,TP53,0.0164,0.0236,168
1737022,PARPi,chr17 7674241 G>A,TP53,0.0054,0.0049,168
1743659,PARPi,chr17 7673812 A>G,TP53,0,0.0027,377
1747097,Carboplatin,chr17 7675097 A>T,TP53,0.0103,0.0747,420
1747097,Carboplatin,chr17 7674953 T>C,TP53,0,0.0075,420
1755649,Carboplatin,chr17 7673799 A>C,TP53,0.0012,0.0132,363
1792676,Carboplatin,chr17 7674266 G>C,TP53,9e-04,0.0045,112
1799068,PARPi,chr17 7675212 A>C,TP53,0.000471949,0.001264311,357
1799068,PARPi,chr17 7674262 T>C,TP53,0.0011,0.0011,357
1799371,Carboplatin,chr17 7673802 C>T,TP53,0.0011,0.0033,105
1799371,Carboplatin,chr17 7673767 C>T,TP53,5e-04,0.0025,105
1803310,PARPi,chr17 7674230 C>T,TP53,0.003,0.0039,71
1803310,PARPi,chr17 7674200 T>A,TP53,0.003,0.0044,71
1810711,PARPi,chr17 7674237 GCAGGAA>G,TP53,0.0412,0.046,233
1810711,PARPi,chr17 7673806 C>T,TP53,0.04,0.0458,233
1810711,PARPi,chr17 7673812 A>G,TP53,0.0257,0.0269,233
1810711,PARPi,chr17 7675218 T>C,TP53,0.008,0.0099,233
1810711,PARPi,chr17 7669669 AC>A,TP53,0.0041,0.0021,233
1810711,PARPi,chr17 7674252 C>G,TP53,0.0031,0.0023,233
1810711,PARPi,chr17 7674215 GCCT>G,TP53,0.003117,2e-04,233
1810711,PARPi,chr17 7674214 GGCCT>AG,TP53,0.003,0.0076,233
1810711,PARPi,chr17 7674230 C>T,TP53,0.0029,0.0019,233
1810711,PARPi,chr17 7675199 G>A,TP53,0.0014,0.002,233
1826232,PARPi,chr17 7674885 C>T,TP53,0.0017,0.0019,259
1826232,PARPi,chr17 7675084 G>C,TP53,7e-04,8e-04,259
1826232,PARPi,chr17 7674263 A>G,TP53,0.0011,0.0012,259
1826251,PARPi,chr17 7674252 C>T,TP53,0.0098,0.0255,133
1826251,PARPi,chr17 7674873 A>T,TP53,0.0066,0.0336,133
1826251,PARPi,chr17 7676034 C>T,TP53,0.0162,0.0067,133
1826251,PARPi,chr17 7675076 T>C,TP53,0,0.0034,133
1826251,PARPi,chr17 7674216 C>G,TP53,0,0.0017,133
1826251,PARPi,chr17 7674280 TCAGAGCCAA>T,TP53,2e-04,0.0011,133
1829047,Carboplatin,chr17 7675088 C>T,TP53,0.003,0.0072,154
1829047,Carboplatin,chr17 7675089 G>C,TP53,4e-04,0.0032,154
1834410,PARPi,chr17 7675235 T>C,TP53,0.0027,0.0036,219
1834410,PARPi,chr17 7674241 G>A,TP53,0.0022,0.0054,219
1834410,PARPi,chr17 7673776 G>A,TP53,0.0021,0.0028,219
1834410,PARPi,chr17 7673802 C>T,TP53,0.0018,0.0027,219
1834410,PARPi,chr17 7674220 C>T,TP53,0.001,0.0021,219
1834410,PARPi,chr17 7673782 T>C,TP53,0.0011,0.0023,219
1834410,PARPi,chr17 7675224 G>C,TP53,0.0013,0.0018,219
1901638,Carboplatin,chr17 7675085 C>T,TP53,0.0025,0.0053,56
1910473,PARPi,chr17 7675136 G>T,TP53,0.0013,0.0043,168
1923454,PARPi,chr17 7674228 GC>G,TP53,0.0011,0.003,107
1967684,PARPi,chr17 7673806 C>T,TP53,0.0184,0.0202,56
1967684,PARPi,chr17 7675070 C>G,TP53,0.0113,0.0115,56
1967684,PARPi,chr17 7674233 C>T,TP53,0.0027,0.0029,56
1967684,PARPi,chr17 7673790 C>A,TP53,0.0023,0.0045,56
2042633,PARPi,chr17 7675089 G>C,TP53,0.0087,0.0076,448
2042633,PARPi,chr17 7674942 C>T,TP53,0.0052,0.0094,448
2044570,PARPi,chr17 7673779 C>G,TP53,0.221,0.2931,371
2044570,PARPi,chr17 7673824 C>T,TP53,0.0017,0.006,371
2045489,Carboplatin,chr17 7674873 A>G,TP53,0.0034,0.0153,63
2083023,PARPi,chr17 7674887 C>A,TP53,0.0012,0.0022,418
2131385,Carboplatin,chr17 7674220 C>T,TP53,0,0.0029,48
2150307,Carboplatin,chr17 7674262 T>C,TP53,0.0023,0.0045,84
2157070,Carboplatin,chr17 7675086 A>C,TP53,0.0025,0.0043,45
576532,PARPi,chr17 7675085 C>T,TP53,0.0485,0.0852,441
576532,PARPi,chr17 7675236 A>G,TP53,0.0034,0.005,441
58830,Carboplatin,chr17 7674221 G>A,TP53,0.002,0.0013,60
663882,Carboplatin,chr17 7674230 C>T,TP53,0.004816804,0.019736297,132
663882,Carboplatin,chr17 7674241 G>A,TP53,0.001945525,0.011619404,132
663882,Carboplatin,chr17 7673802 C>T,TP53,0.001,0.0022,132
663882,Carboplatin,chr17 7673794 C>G,TP53,5e-04,0.0021,132
82148,PARPi,chr17 7673824 C>T,TP53,0.0029,0.0103,553
82148,PARPi,chr17 7674872 T>C,TP53,7e-04,0.0028,553
957089,PARPi,chr17 7675080 G>C,TP53,0.0602,0.1455,240
957089,PARPi,chr17 7673802 C>T,TP53,0.0347,0.0211,240
957089,PARPi,chr17 7670714 A>C,TP53,0.0139,0.1224,240
957089,PARPi,chr17 7673803 G>A,TP53,0.0047,0.0033,240
957089,PARPi,chr17 7674220 C>T,TP53,0.0021,0.0012,240
970359,Carboplatin,chr17 7675994 C>T,TP53,0.0029,0.0053,77
970359,Carboplatin,chr17 7674952 A>T,TP53,0,0.0029,77
U10-WU-025,Carboplatin,chr17 7673544 G>GA,TP53,0.0043,0.01095,84
U10-WU-026,Carboplatin,chr17 7673802 C>T,TP53,0,0.0018595,95
U10-WU-078,Carboplatin,chr17 7674191 C>T,TP53,0,0.001274,242
U10-WU-026,Carboplatin,chr17 7674221 G>A,TP53,0.083723,0,95
U10-WU-078,Carboplatin,chr17 7674890 T>C,TP53,0,0.011254667,242
U10-WU-078,Carboplatin,chr17 7675075 A>T,TP53,0,0.0013,242
U10-WU-026,Carboplatin,chr17 7675085 C>T,TP53,0,0,95
U10-WU-027,Carboplatin,chr17 7675139 C>T,TP53,0,0.0020565,96
U10-WU-090,Carboplatin,chr17 7675217 T>C,TP53,0.004205667,0.00308,99
PA00001018,Healthy,chr22 28687961 CG>C,CHEK2,0.0064,0.0067,182.5
PA00002608,Healthy,chr22 28725012 T>C,CHEK2,0.007,0.0083,328.5
PA00002741,Healthy,chr22 28695809 G>A,CHEK2,0.0037,0.0027,730
PA00002819,Healthy,chr22 28734431 C>T,CHEK2,0.0034,0.0029,693.5
PA00002866,Healthy,chr22 28696905 A>AT,CHEK2,0.0025,0.0025,73
PA00002937,Healthy,chr22 28696959 C>T,CHEK2,0.0024,9e-04,730
PA00003113,Healthy,chr22 28689191 G>A,CHEK2,0.0019,0.0022,219
PA00003269,Healthy,chr22 28725013 TG>T,CHEK2,0.0034,0.003,109.5
PA00003415,Healthy,chr22 28725090 A>G,CHEK2,0.252,0.329,693.5
PA00003451,Healthy,chr22 28719418 G>C,CHEK2,0.0063,0.0044,766.5
PA00003603,Healthy,chr22 28725090 A>G,CHEK2,0.0025,0.0022,657
PA00003885,Healthy,chr22 28734664 G>A,CHEK2,0.0034,0.0032,474.5
PA00009200,Healthy,chr22 28725254 G>A,CHEK2,0.0058,0.0085,36.5
PA00051249,Healthy,chr22 28699927 C>A,CHEK2,0.0046,0.0036,73
10305005,Carboplatin,chr22 28734439 G>A,CHEK2,0.0068,0.0212,198
1100003,Carboplatin,chr22 28734424 G>A,CHEK2,8e-04,0.0027,84
12155003,Carboplatin,chr22 28725090 A>G,CHEK2,0.0269,0.0162,113
12215003,Carboplatin,chr22 28696966 T>TTAA,CHEK2,0.0096,0.0336,182
12215004,Carboplatin,chr22 28712015 C>T,CHEK2,6e-04,0.0041,91
12225001,Carboplatin,chr22 28695810 T>C,CHEK2,0.0012,0.0071,196
12225001,Carboplatin,chr22 28725090 A>G,CHEK2,0.0019,0.0029,196
9510010,Carboplatin,chr22 28703509 C>CCA,CHEK2,0.0019,0.0046,84
1055089,PARPi,chr22 28695815 C>T,CHEK2,0.0029,0.0017,111
1108236,Carboplatin,chr22 28695757 A>C,CHEK2,0.0081,0.0169,469
1108236,PARPi,chr22 28695757 A>C,CHEK2,0.002624,0.0062,809
1141596,PARPi,chr22 28695810 T>C,CHEK2,0.0057,0.0045,464
115337,Carboplatin,chr22 28734541 TCAGTGTCC>T,CHEK2,0.00116,0.003535,101
115337,Carboplatin,chr22 28696959 C>T,CHEK2,0.0023,0.006,101
115337,Carboplatin,chr22 28734527 TGTCTCTAAG>T,CHEK2,0.000518,0.001566,101
115337,Carboplatin,chr22 28734529 TCTCTAAGGAGCTCAGTGTCC>AGCT,CHEK2,6e-04,0.0017,101
1347733,Carboplatin,chr22 28687982 GA>G,CHEK2,0.0187,0.01,98
1354292,PARPi,chr22 28696959 C>T,CHEK2,0.0017,0.004,468
1354292,PARPi,chr22 28695783 GAACTTC>G,CHEK2,4e-04,0.0023,468
1396537,Carboplatin,chr22 28725254 G>A,CHEK2,0.0013,0.0021,151
1426386,PARPi,chr22 28699905 AC>A,CHEK2,0.0059,0.003,404
1426672,PARPi,chr22 28695722 A>AT,CHEK2,0.016577,0.017868,114
1567490,PARPi,chr22 28725253 C>T,CHEK2,6e-04,0.0026,470
1631988,PARPi,chr22 28734424 G>A,CHEK2,0.0035,0.01,57
1644795,PARPi,chr22 28699925 TC>T,CHEK2,0.001106,0.002,245
1648855,PARPi,chr22 28696957 C>G,CHEK2,7e-04,0.0041,168
1673333,PARPi,chr22 28694062 TG>T,CHEK2,0.0024,0.0015,322
1683705,Carboplatin,chr22 28687961 CG>C,CHEK2,0.0011,0.0116,543
1702898,Carboplatin,chr22 28695146 C>T,CHEK2,0.0017,0.0043,126
1734269,PARPi,chr22 28695809 G>T,CHEK2,0.0046,0.0141,63
1747097,Carboplatin,chr22 28712015 C>T,CHEK2,4e-04,0.0022,420
1755649,Carboplatin,chr22 28695855 A>G,CHEK2,0.0013,0.0063,363
1777686,PARPi,chr22 28725254 G>A,CHEK2,0.0073,0.0132,294
1777686,PARPi,chr22 28734694 G>A,CHEK2,0.0051,0.0086,294
1777686,PARPi,chr22 28696959 C>T,CHEK2,0.0011,0.002,294
1778499,PARPi,chr22 28699925 TC>T,CHEK2,0.0016,0.0077,252
1785592,PARPi,chr22 28695809 G>A,CHEK2,0.0612,0.1601,278
1799068,PARPi,chr22 28719449 G>C,CHEK2,0.0011,0.0025,357
1803800,Carboplatin,chr22 28725090 A>G,CHEK2,0.0022,0.0074,140
1803800,Carboplatin,chr22 28687974 G>A,CHEK2,0.001,0.0025,140
1810711,PARPi,chr22 28734424 G>A,CHEK2,0.2125,0.2499,233
1812344,PARPi,chr22 28695815 C>T,CHEK2,0.0052,0.0031,238
1826232,PARPi,chr22 28734439 G>A,CHEK2,0.0011,0.0016,259
1834410,PARPi,chr22 28695809 G>A,CHEK2,0.0015,0.0028,219
1834410,PARPi,chr22 28734720 A>G,CHEK2,0.00193216,0.002903571,219
1901638,Carboplatin,chr22 28696929 G>C,CHEK2,0.004,0.0069,56
1910473,PARPi,chr22 28734435 A>T,CHEK2,0.0046,0.0053,168
1910473,PARPi,chr22 28719408 TTGACATGA>T,CHEK2,0.0034,0.0052,168
1910473,PARPi,chr22 28734423 TG>T,CHEK2,0.0017,0.0023,168
191197,PARPi,chr22 28699857 T>C,CHEK2,0.0284,0.0328,84
1948372,PARPi,chr22 28694041 CG>C,CHEK2,0.2837,0.3254,112
1948372,PARPi,chr22 28711961 GCTA>G,CHEK2,0.0141,0.0352,112
2038431,PARPi,chr22 28696959 C>T,CHEK2,0.0089,0.0156,448
2038431,PARPi,chr22 28725292 CT>C,CHEK2,0.0024,0.0041,448
2042633,PARPi,chr22 28725254 G>A,CHEK2,0.0084,0.0085,448
2042633,PARPi,chr22 28696943 CT>C,CHEK2,0.0011,0.0052,448
2042633,PARPi,chr22 28696960 G>A,CHEK2,0.0014,0.0039,448
2042633,PARPi,chr22 28695794 G>A,CHEK2,0.0017,0.0029,448
2042633,PARPi,chr22 28696959 C>T,CHEK2,0.0013,0.0022,448
2053831,PARPi,chr22 28696960 G>A,CHEK2,8e-04,0.0023,252
2158430,Carboplatin,chr22 28687974 G>A,CHEK2,0.008,0.008,42
2158430,Carboplatin,chr22 28696956 T>C,CHEK2,0.0053,0.0047,42
4057,Carboplatin,chr22 28725254 G>A,CHEK2,0.0013,0.0032,75
576532,PARPi,chr22 28725254 G>A,CHEK2,0.0811,0.0567,441
58830,Carboplatin,chr22 28695186 T>TG,CHEK2,0.0063,0.0034,60
663882,Carboplatin,chr22 28725003 A>G,CHEK2,0,0.0026,132
82148,PARPi,chr22 28687974 G>A,CHEK2,0.001,0.0026,553
957089,PARPi,chr22 28699866 T>C,CHEK2,0.0028,0.0016,240
957089,PARPi,chr22 28696959 C>T,CHEK2,0.0012,7e-04,240
U10-WU-084,Carboplatin,chr22 28695815 C>G,CHEK2,0,0.002676,78
U10-WU-026,Carboplatin,chr22 28695854 G>C,CHEK2,0,0.0011,95
U10-WU-084,Carboplatin,chr22 28696910 AC>A,CHEK2,0.00011296,0.00234141,78
U10-WU-026,Carboplatin,chr22 28725040 TC>T,CHEK2,0,0.001161,95
U10-WU-078,Carboplatin,chr22 28725324 A>T,CHEK2,0,0.001455,242
U10-WU-078,Carboplatin,chr22 28734646 TA>T,CHEK2,0,0.001315,242
PA00003520,Healthy,chr9 5073770 G>T,JAK2,0.0222,0.0061,401.5
PA00009136,Healthy,chr9 5073770 G>T,JAK2,0.0199,0.06,511
PA00003104,Healthy,chr2 197402636 T>A,SF3B1,0.0161,0.0058,766.5
PA00003831,Healthy,chr2 197402635 C>A,SF3B1,0.0125,0.0057,657
PA00003873,Healthy,chr2 197402645 G>A,SF3B1,0.0157,0.0161,73
PA00004444,Healthy,chr2 197402110 T>C,SF3B1,0.0037,0.0031,766.5
PA00009136,Healthy,chr2 197402110 T>C,SF3B1,0.1332,0.1919,511
1520937,Carboplatin,chr2 197401887 C>T,SF3B1,0.0029,0.0033,88
1826251,PARPi,chr2 197402635 C>A,SF3B1,0.0015,0,133
PA00000852,Healthy,chr17 76736877 G>T,SRSF2,0.005,0,693.5
PA00001039,Healthy,chr17 76736877 G>T,SRSF2,0.3765,0.3492,255.5
PA00003113,Healthy,chr17 76736877 G>A,SRSF2,0.0058,0.0038,219
9130003,Carboplatin,chr17 76737000 G>A,SRSF2,0.0025,0.0026,91
