chrom,beg,end,length,p_arm,q_arm,key,group_key,DeID,Sample_DeID,type,Age,Sex,Ancestry,rescued,original_mocha
chrX,0,156040895,156040895,T,T,chrX:0-156040895,1100999 chrX,1100999,4207315031,CN-LOH,75.20876112,Male,African_American,0,1
chrX,0,156040895,156040895,T,T,chrX:0-156040895,1100999 chrX,1100999,4245835208,CN-LOH,76.26283368,Male,African_American,0,1
chrX,0,156040895,156040895,Y,T,chrX:0-156040895,1100999 chrX,1100999,4259153888,Undetermined,76.62696783,Male,African_American,0,1
chrX,0,156040895,156040895,Y,T,chrX:0-156040895,1100999 chrX,1100999,4275960416,CN-LOH,77.08692676,Male,African_American,0,1
chr13,43748462,76913028,33164566,N,Y,chr13:43748462-76913028,1123912 chr13,1123912,497856,Loss,82.40930869,Female,European,0,1
chr13,43748462,76913028,33164566,N,Y,chr13:43748462-76913028,1123912 chr13,1123912,481323,Loss,82.12183436,Female,European,0,1
chrX,0,156040895,156040895,T,T,chrX:0-156040895,1123912 chrX,1123912,497856,CN-LOH,82.40930869,Female,European,0,1
chrX,0,156040895,156040895,T,T,chrX:0-156040895,1123912 chrX,1123912,481323,Gain,82.12183436,Female,European,1,0
chrX,0,156040895,156040895,T,T,chrX:0-156040895,1155740 chrX,1155740,41705F3440,Gain,59.97262149,Male,European,0,1
chrX,0,156040895,156040895,T,T,chrX:0-156040895,1155740 chrX,1155740,4308717352,CN-LOH,63.75633128,Male,European,0,1
chrX,0,156040895,156040895,T,T,chrX:0-156040895,1155740 chrX,1155740,4315218052,CN-LOH,63.93429158,Male,European,0,1
chr9,68471517,129308963,60837446,N,Y,chr9:68471517-129308963,1354292 chr9,1354292,8036707069,Gain,63.34291581,Female,European,0,1
chr9,68471517,129308963,60837446,N,Y,chr9:68471517-129308963,1354292 chr9,1354292,8030159636,Missing,62.06160164,Female,European,2,0
chrX,95824871,156040895,60216024,N,T,chrX:95824871-156040895,1354292 chrX,1354292,8036707069,Gain,63.34291581,Female,European,0,1
chrX,95824871,156040895,60216024,N,T,chrX:95824871-156040895,1354292 chrX,1354292,8030159636,Missing,62.06160164,Female,European,2,0
chr1,225709715,248956422,23246707,N,T,chr1:225709715-248956422,1373302 chr1,1373302,484955,Missing,86.81998631,Female,European,2,0
chr1,225709715,248956422,23246707,N,T,chr1:225709715-248956422,1373302 chr1,1373302,8039413245,Gain,87.41409993,Female,European,0,1
chr11,107178669,116851325,9672656,N,Y,chr11:107178669-116851325,1373302 chr11,1373302,484955,Missing,86.81998631,Female,European,0,0
chr11,107178669,116851325,9672656,N,Y,chr11:107178669-116851325,1373302 chr11,1373302,8039413245,Loss,87.41409993,Female,European,0,1
chr13,18051248,25692093,7640845,C,Y,chr13:18051248-25692093,1373302 chr13_1,1373302,484955,Missing,86.81998631,Female,European,0,0
chr13,18051248,25692093,7640845,C,Y,chr13:18051248-25692093,1373302 chr13_1,1373302,8039413245,Gain,87.41409993,Female,European,0,1
chr13,25719670,47655929,21936259,N,Y,chr13:25719670-47655929,1373302 chr13_2,1373302,484955,Missing,86.81998631,Female,European,0,0
chr13,25719670,47655929,21936259,N,Y,chr13:25719670-47655929,1373302 chr13_2,1373302,8039413245,CN-LOH,87.41409993,Female,European,0,1
chr17,0,18953558,18953558,T,N,chr17:0-18953558,1373302 chr17,1373302,484955,Missing,86.81998631,Female,European,0,0
chr17,0,18953558,18953558,T,N,chr17:0-18953558,1373302 chr17,1373302,8039413245,Gain,87.41409993,Female,European,0,1
chr19,27610214,58617616,31007402,N,T,chr19:27610214-58617616,1373302 chr19,1373302,484955,Loss,86.81998631,Female,European,1,0
chr19,27610214,58617616,31007402,N,T,chr19:27610214-58617616,1373302 chr19,1373302,8039413245,Gain,87.41409993,Female,European,0,1
chr5,50511348,181538259,131026911,N,T,chr5:50511348-181538259,1373302 chr5,1373302,484955,CN-LOH,86.81998631,Female,European,1,0
chr5,50511348,181538259,131026911,N,T,chr5:50511348-181538259,1373302 chr5,1373302,8039413245,Loss,87.41409993,Female,European,0,1
chr6,0,27288323,27288323,T,N,chr6:0-27288323,1373302 chr6,1373302,484955,CN-LOH,86.81998631,Female,European,1,0
chr6,0,27288323,27288323,T,N,chr6:0-27288323,1373302 chr6,1373302,8039413245,Loss,87.41409993,Female,European,0,1
chr9,27047462,38466947,11419485,Y,N,chr9:27047462-38466947,1373302 chr9,1373302,484955,Missing,86.81998631,Female,European,0,0
chr9,27047462,38466947,11419485,Y,N,chr9:27047462-38466947,1373302 chr9,1373302,8039413245,Loss,87.41409993,Female,European,0,1
chr14,21834979,22440265,605286,N,Y,chr14:21834979-22440265,1496456 chr14,1496456,41961T1497,Undetermined,71.08281999,Male,European,0,1
chr14,21834979,22440265,605286,N,Y,chr14:21834979-22440265,1496456 chr14,1496456,41555W4326,Missing,69.97125257,Male,European,0,0
chr14,21834979,22440265,605286,N,Y,chr14:21834979-22440265,1496456 chr14,1496456,41810F3822,Missing,70.66940452,Male,European,0,0
chrX,0,156040895,156040895,T,T,chrX:0-156040895,1516623 chrX,1516623,4230470347,,56.5475702,Male,European,?,0
chrX,0,156040895,156040895,T,T,chrX:0-156040895,1516623 chrX,1516623,4272658125,,57.7029432,Male,European,?,0
chrX,0,156040895,156040895,T,T,chrX:0-156040895,1516623 chrX,1516623,4249555208,Gain,57.0704997,Male,European,?,1
chrX,0,156040895,156040895,T,T,chrX:0-156040895,1516623 chrX,1516623,4260055416,,57.357974,Male,European,?,0
chrX,0,156040895,156040895,T,T,chrX:0-156040895,1536848 chrX,1536848,4354219077,Undetermined,63.8658453,Male,European,?,1
chrX,0,156040895,156040895,T,T,chrX:0-156040895,1536848 chrX,1536848,4376619301,,64.47912389,Male,European,?,0
chrX,0,156040895,156040895,T,T,chrX:0-156040895,1536848 chrX,1536848,4386820038,,64.75838467,Male,European,?,0
chrX,0,156040895,156040895,T,T,chrX:0-156040895,1536848 chrX,1536848,4336018260,,63.36755647,Male,European,?,0
chrX,0,156040895,156040895,T,T,chrX:0-156040895,1536848 chrX,1536848,4269748958,,61.5523614,Male,European,?,0
chrX,0,156040895,156040895,T,T,chrX:0-156040895,1536848 chrX,1536848,41673M3440,,58.74880219,Male,European,?,0
chrX,0,156040895,156040895,T,T,chrX:0-156040895,1536848 chrX,1536848,41946M3613,,59.49623546,Male,European,?,0
chr13,49850541,51721194,1870653,N,Y,chr13:49850541-51721194,1540488 chr13,1540488,4232167638,Loss,64.3394935,Male,European,0,1
chr13,49850541,51721194,1870653,N,Y,chr13:49850541-51721194,1540488 chr13,1540488,41831F5358,Missing,62.99794661,Male,European,0,0
chr13,49850541,51721194,1870653,N,Y,chr13:49850541-51721194,1540488 chr13,1540488,41789F1745,Missing,62.88295688,Male,European,0,0
chr13,49850541,51721194,1870653,N,Y,chr13:49850541-51721194,1540488 chr13,1540488,41922F4405,Missing,63.24709103,Male,European,0,0
chrX,0,156040895,156040895,T,T,chrX:0-156040895,1620504 chrX,1620504,4273345694,,65.06776181,Male,European,?,0
chrX,0,156040895,156040895,T,T,chrX:0-156040895,1620504 chrX,1620504,4261938888,,64.75564682,Male,European,?,0
chrX,0,156040895,156040895,T,T,chrX:0-156040895,1620504 chrX,1620504,4254249444,CN-LOH,64.54483231,Male,European,?,1
chrX,0,156040895,156040895,T,T,chrX:0-156040895,1631988 chrX,1631988,8036707536,,76.7008898,Male,European,?,0
chrX,0,156040895,156040895,T,T,chrX:0-156040895,1631988 chrX,1631988,8036707199,Gain,76.54483231,Male,European,?,1
chr13,31144991,66675585,35530594,N,Y,chr13:31144991-66675585,1637996 chr13,1637996,4226537152,Missing,72.57768652,Male,European,0,0
chr13,31122365,66356962,35234597,N,Y,chr13:31122365-66356962,1637996 chr13,1637996,4290546041,Loss,74.32991102,Male,European,2,1
chr13,31144991,66675585,35530594,N,Y,chr13:31144991-66675585,1637996 chr13,1637996,4241151253,CN-LOH,72.97741273,Male,European,2,1
chr13,31144991,66675585,35530594,N,Y,chr13:31144991-66675585,1637996 chr13,1637996,4223452083,Missing,72.49281314,Male,European,0,0
chr19,50413766,58617616,8203850,N,T,chr19:50413766-58617616,1637996 chr19,1637996,4226537152,CN-LOH,72.57768652,Male,European,0,1
chr19,52436560,58617616,6181056,N,T,chr19:52436560-58617616,1637996 chr19,1637996,4290546041,CN-LOH,74.32991102,Male,European,2,1
chr19,50413766,58617616,8203850,N,T,chr19:50413766-58617616,1637996 chr19,1637996,4241151253,CN-LOH,72.97741273,Male,European,0,1
chr19,50413766,58617616,8203850,N,T,chr19:50413766-58617616,1637996 chr19,1637996,4223452083,CN-LOH,72.49281314,Male,European,0,1
chr14,21979008,22433514,454506,N,Y,chr14:21979008-22433514,1657258 chr14,1657258,4215351805,Missing,74.0752909,Male,European,0,0
chr14,21979008,22433514,454506,N,Y,chr14:21979008-22433514,1657258 chr14,1657258,4220654861,Missing,74.22039699,Male,European,0,0
chr14,21979008,22433514,454506,N,Y,chr14:21979008-22433514,1657258 chr14,1657258,41898W8388,Loss,73.37713895,Male,European,0,1
chr22,42122422,42140302,17880,N,Y,chr22:42122422-42140302,1720414 chr22,1720414,4239640694,Missing,60.3449692,Male,European,0,0
chr22,42122422,42140302,17880,N,Y,chr22:42122422-42140302,1720414 chr22,1720414,4317118071,CN-LOH,62.46680356,Male,European,0,1
chrX,0,156040895,156040895,T,T,chrX:0-156040895,1721015 chrX,1721015,4302631944,Undetermined,67.73716632,Male,European,0,1
chrX,0,156040895,156040895,T,T,chrX:0-156040895,1721015 chrX,1721015,4273251736,Undetermined,66.93223819,Male,European,0,1
chrX,0,156040895,156040895,T,T,chrX:0-156040895,1721015 chrX,1721015,4295636805,CN-LOH,67.54551677,Male,European,0,1
chrX,0,156040895,156040895,T,T,chrX:0-156040895,1734269 chrX,1734269,4298653055,CN-LOH,67.99726215,Male,Other,0,1
chrX,0,156040895,156040895,T,T,chrX:0-156040895,1734269 chrX,1734269,4304945208,Undetermined,68.16974675,Male,Other,0,1
chr14,18173523,107043718,88870195,C,T,chr14:18173523-107043718,1755649 chr14,1755649,4306117112_A,Loss,83.77549624,Male,European,0,1
chr14,18173523,107043718,88870195,C,T,chr14:18173523-107043718,1755649 chr14,1755649,4308217347,CN-LOH,83.8329911,Male,European,0,1
chr14,18173523,107043718,88870195,C,T,chr14:18173523-107043718,1755649 chr14,1755649,4311018010,CN-LOH,83.90965092,Male,European,0,1
chr14,59079998,107043718,47963720,N,T,chr14:59079998-107043718,1755649 chr14,1755649,4303135069,CN-LOH,83.69336071,Male,European,2,1
chrX,0,16391374,16391374,T,N,chrX:0-16391374,1777686 chrX_1,1777686,8036706272,Undetermined,67.87679671,Female,European,1,0
chrX,0,16391374,16391374,T,N,chrX:0-16391374,1777686 chrX_1,1777686,8036708423,Gain,67.47980835,Female,European,0,1
chrX,0,16391374,16391374,T,N,chrX:0-16391374,1777686 chrX_1,1777686,8030165446,Gain,66.67488022,Female,European,1,0
chrX,102827245,156040895,53213650,N,T,chrX:102827245-156040895,1777686 chrX_2,1777686,8036706272,Gain,67.87679671,Female,European,1,0
chrX,102827245,156040895,53213650,N,T,chrX:102827245-156040895,1777686 chrX_2,1777686,8036708423,Gain,67.47980835,Female,European,0,1
chrX,102827245,156040895,53213650,N,T,chrX:102827245-156040895,1777686 chrX_2,1777686,8030165446,Gain,66.67488022,Female,European,1,0
chr9,68501075,138394717,69893642,N,T,chr9:68501075-138394717,1779924 chr9,1779924,8030158781,Missing,67.80835044,Female,European,2,0
chr9,68501075,138394717,69893642,N,T,chr9:68501075-138394717,1779924 chr9,1779924,8039409398,Missing,68.95824778,Female,European,2,0
chr9,68501075,138394717,69893642,N,T,chr9:68501075-138394717,1779924 chr9,1779924,8036707957,Gain,68.49555099,Female,European,0,1
chr5,164540781,167566967,3026186,N,Y,chr5:164540781-167566967,1785592 chr5,1785592,8036705630,Gain,71.23340178,Female,European,0,1
chr5,164540781,167566967,3026186,N,Y,chr5:164540781-167566967,1785592 chr5,1785592,8039413152,Gain,71.9945243,Female,European,1,0
chrX,139233982,156040895,16806913,N,T,chrX:139233982-156040895,1785592 chrX,1785592,8036705630,Gain,71.23340178,Female,European,1,0
chrX,139233982,156040895,16806913,N,T,chrX:139233982-156040895,1785592 chrX,1785592,8039413152,Gain,71.9945243,Female,European,0,1
chr14,73254165,107043718,33789553,N,T,chr14:73254165-107043718,1810711 chr14,1810711,8039410678,CN-LOH,76.76386037,Female,European,0,1
chr14,73254165,107043718,33789553,N,T,chr14:73254165-107043718,1810711 chr14,1810711,8036705500,CN-LOH,76.12594114,Female,European,0,1
chr17,0,13217635,13217635,T,N,chr17:0-13217635,1810711 chr17,1810711,8036705500,CN-LOH,76.12594114,Female,European,2,1
chr17,0,19739639,19739639,T,N,chr17:0-19739639,1810711 chr17,1810711,8039410678,Loss,76.76386037,Female,European,2,1
chr8,0,145138636,145138636,T,T,chr8:0-145138636,1810711 chr8,1810711,8039410678,Gain,76.76386037,Female,European,0,1
chr8,0,145138636,145138636,T,T,chr8:0-145138636,1810711 chr8,1810711,8036705500,Gain,76.12594114,Female,European,0,1
chrX,0,156040895,156040895,T,T,chrX:0-156040895,1826251 chrX,1826251,4305917112,Undetermined,78.82272416,Male,European,?,1
chrX,0,156040895,156040895,T,T,chrX:0-156040895,1826251 chrX,1826251,4292671875,,78.45859001,Male,European,?,0
chrX,0,156040895,156040895,T,T,chrX:0-156040895,1826251 chrX,1826251,4268177222,,77.78781656,Male,European,?,0
chrX,0,156040895,156040895,T,T,chrX:0-156040895,1826251 chrX,1826251,4316618066,,79.1156742,Male,European,?,0
chrX,0,156040895,156040895,T,T,chrX:0-156040895,1829692 chrX,1829692,488209,CN-LOH,74.29705681,Female,European,0,1
chrX,0,156040895,156040895,T,T,chrX:0-156040895,1829692 chrX,1829692,8030158514,Missing,73.51129363,Female,European,2,0
chr12,0,133275309,133275309,T,T,chr12:0-133275309,1923454 chr12,1923454,17090603619,Gain,69.07871321,Female,European,0,1
chr12,0,34657268,34657268,T,N,chr12:0-34657268,1923454 chr12,1923454,17-356-00947,CN-LOH,69.37166324,Female,European,2,1
chrX,0,156040895,156040895,T,T,chrX:0-156040895,1932899 chrX,1932899,8036706342,Gain,81.4893908,Female,South_Asian,1,0
chrX,0,156040895,156040895,T,T,chrX:0-156040895,1932899 chrX,1932899,484916,Gain,81.0677618,Female,South_Asian,0,1
chr14,20477747,26113646,5635899,N,Y,chr14:20477747-26113646,2038431 chr14_1,2038431,8036707100,CN-LOH,75.33744011,Female,European,0,1
chr14,20637090,26170606,5533516,N,Y,chr14:20637090-26170606,2038431 chr14_1,2038431,8036705361,CN-LOH,74.11088296,Female,European,0,1
chr14,26126927,107043718,80916791,N,T,chr14:26126927-107043718,2038431 chr14_2,2038431,8036707100,CN-LOH,75.33744011,Female,European,0,1
chr14,26221365,107043718,80822353,N,T,chr14:26221365-107043718,2038431 chr14_2,2038431,8036705361,CN-LOH,74.11088296,Female,European,0,1
chrX,89888282,119117310,29229028,N,Y,chrX:89888282-119117310,2042633 chrX,2042633,8036707092,CN-LOH,58.5927447,Female,European,0,1
chrX,89888282,119117310,29229028,N,Y,chrX:89888282-119117310,2042633 chrX,2042633,8036705734,Gain,57.36618754,Female,European,1,0
chr12,67428952,133275309,65846357,N,T,chr12:67428952-133275309,2053831 chr12,2053831,8036708561,CN-LOH,77.31964408,Male,Hispanic2,0,1
chr12,67428952,133275309,65846357,N,T,chr12:67428952-133275309,2053831 chr12,2053831,8036705909,CN-LOH,76.62970568,Male,Hispanic2,0,1
chrX,0,156040895,156040895,T,T,chrX:0-156040895,2053831 chrX,2053831,8036708561,,77.31964408,Male,Hispanic2,?,0
chrX,0,156040895,156040895,T,T,chrX:0-156040895,2053831 chrX,2053831,8036705909,Undetermined,76.62970568,Male,Hispanic2,?,1
chr22,42130692,42140302,9610,N,Y,chr22:42122422-42140302,2069163 chr22,2069163,8036707164,Gain,82.86926762,Female,European,2,1
chr22,42122422,42140302,17880,N,Y,chr22:42122422-42140302,2069163 chr22,2069163,8036706082,CN-LOH,82.770705,Female,European,0,1
chr3,107690541,198295559,90605018,N,T,chr3:107690541-198295559,2069216 chr3,2069216,487803,Gain,74.98973306,Female,European,0,1
chr3,113106065,198295559,85189494,N,T,chr3:113106065-198295559,2069216 chr3,2069216,505304,Gain,75.2991102,Female,European,2,1
chr6,84370060,170805979,86435919,N,T,chr6:84370060-170805979,2069216 chr6,2069216,505304,Missing,75.2991102,Female,European,0,0
chr6,84370060,170805979,86435919,N,T,chr6:84370060-170805979,2069216 chr6,2069216,487803,Loss,74.98973306,Female,European,0,1
chr3,186983004,189731466,2748462,N,Y,chr3:186983004-189731466,2131385 chr3,2131385,487805,Missing,75.60574949,Female,European,2,0
chr3,186983004,189731466,2748462,N,Y,chr3:186983004-189731466,2131385 chr3,2131385,498126,Loss,75.79739904,Female,European,0,1
chr3,186983004,189731466,2748462,N,Y,chr3:186983004-189731466,2131385 chr3,2131385,479053,Missing,75.47433265,Female,European,2,0
chr7,86650783,159345973,72695190,N,T,chr7:86650783-159345973,2131385 chr7,2131385,487805,CN-LOH,75.60574949,Female,European,2,1
chr7,86650783,159345973,72695190,N,T,chr7:86650783-159345973,2131385 chr7,2131385,498126,Missing,75.79739904,Female,European,2,0
chr7,87557432,159345973,71788541,N,T,chr7:87557432-159345973,2131385 chr7,2131385,479053,CN-LOH,75.47433265,Female,European,2,1
chrX,0,156040895,156040895,T,T,chrX:0-156040895,2131385 chrX,2131385,487805,Gain,75.60574949,Female,European,1,0
chrX,0,156040895,156040895,T,T,chrX:0-156040895,2131385 chrX,2131385,498126,Gain,75.79739904,Female,European,1,0
chrX,0,156040895,156040895,T,T,chrX:0-156040895,2131385 chrX,2131385,479053,Gain,75.47433265,Female,European,0,1
chrX,0,156040895,156040895,T,T,chrX:0-156040895,330923 chrX,330923,4245037638,,71.63586585,Male,African_American,?,0
chrX,0,156040895,156040895,T,T,chrX:0-156040895,330923 chrX,330923,4208115031,Undetermined,70.6255989,Male,African_American,?,1
chrX,0,156040895,156040895,T,T,chrX:0-156040895,330923 chrX,330923,41822W1152,Loss,69.91649555,Male,African_American,?,1
chrX,0,156040895,156040895,T,T,chrX:0-156040895,390174 chrX,390174,41522H2261,,70.65571526,Male,European,?,0
chrX,0,156040895,156040895,T,T,chrX:0-156040895,390174 chrX,390174,4203815020,Gain,72.06844627,Male,European,?,1
chrX,0,156040895,156040895,T,T,chrX:0-156040895,390174 chrX,390174,42017T7481,,72.0109514,Male,European,?,0
chr5,0,181538259,181538259,T,T,chr5:0-46240028,957089 chr5,957089,489535,Missing,63.51813826,Female,European,0,0
chr5,0,181538259,181538259,T,T,chr5:0-46240028,957089 chr5,957089,8036708675,Missing,63.321013,Female,European,0,0
chr5,0,181538259,181538259,T,T,chr5:0-46240028,957089 chr5,957089,8039413221,Gain,64.17522245,Female,European,2,1
chr7,0,159345973,159345973,T,T,chr7:0-159345973,957089 chr7,957089,489535,Missing,63.51813826,Female,European,0,0
chr7,0,159345973,159345973,T,T,chr7:0-159345973,957089 chr7,957089,8036708675,Missing,63.321013,Female,European,0,0
chr7,0,159345973,159345973,T,T,chr7:0-159345973,957089 chr7,957089,8039413221,Loss,64.17522245,Female,European,0,1
chrX,0,156040895,156040895,T,T,chrX:0-156040895,957089 chrX,957089,489535,Gain,63.51813826,Female,European,0,1
chrX,92206512,156040895,63834383,T,T,chrX:92206512-156040895,957089 chrX,957089,8036708675,Gain,63.321013,Female,European,2,1
chrX,74436580,156040895,81604315,T,T,chrX:74436580-156040895,957089 chrX,957089,8039413221,Gain,64.17522245,Female,European,2,1
chr14,18173523,107043718,88870195,C,T,chr14:18173523-107043718,970359 chr14,970359,41869M4858,Missing,71.17043121,Male,European,0,0
chr14,18173523,107043718,88870195,C,T,chr14:18173523-107043718,970359 chr14,970359,4252238194,CN-LOH,72.95824778,Male,European,0,1
chr14,18173523,107043718,88870195,C,T,chr14:18173523-107043718,970359 chr14,970359,4240838888,Missing,72.64613279,Male,European,0,0
chr14,36789499,107043718,70254219,N,T,chr14:36789499-107043718,970359 chr14,970359,4233134166,CN-LOH,72.43531828,Male,European,0,1
chrX,0,156040895,156040895,T,T,chrX:0-156040895,970359 chrX,970359,41869M4858,Loss,71.17043121,Male,European,0,1
chrX,0,156040895,156040895,T,T,chrX:0-156040895,970359 chrX,970359,4252238194,CN-LOH,72.95824778,Male,European,0,1
chrX,0,156040895,156040895,T,T,chrX:0-156040895,970359 chrX,970359,4240838888,CN-LOH,72.64613279,Male,European,0,1
chrX,0,156040895,156040895,Y,T,chrX:0-156040895,970359 chrX,970359,4233134166,CN-LOH,72.43531828,Male,European,0,1
chrX,0,156040895,156040895,T,T,chrX:0-156040895,PA00001018 chrX,PA00001018,8043352051,CN-LOH,79,Male,European,0,1
chrX,0,156040895,156040895,T,T,chrX:0-156040895,PA00001018 chrX,PA00001018,8043352024,CN-LOH,78.5,Male,European,0,1
chr7,101472633,102436115,963482,N,Y,chr7:101472633-102436115,PA00001039 chr7,PA00001039,8043351941,Loss,68.4,Male,European,0,1
chr7,101559786,102436115,876329,N,Y,chr7:101559786-102436115,PA00001039 chr7,PA00001039,8043351952,Loss,69.1,Male,European,0,1
chr16,47775278,90338345,42563067,N,T,chr16:47775278-90338345,PA00002537 chr16,PA00002537,8043351955,CN-LOH,71.7,Male,European,0,1
chr16,49486692,90338345,40851653,N,T,chr16:49486692-90338345,PA00002537 chr16,PA00002537,8043351978,CN-LOH,72.5,Male,European,0,1
chrX,0,156040895,156040895,T,T,chrX:0-156040895,PA00002537 chrX,PA00002537,8043351978,Undetermined,72.5,Male,European,0,1
chrX,0,156040895,156040895,T,T,chrX:0-156040895,PA00002537 chrX,PA00002537,8043351955,Gain,71.7,Male,European,1,0
chrX,0,156040895,156040895,Y,Y,chrX:0-13846858,PA00002733 chrX,PA00002733,8043352084,Missing,59.4,Female,European,0,0
chrX,0,156040895,156040895,Y,Y,chrX:0-13846858,PA00002733 chrX,PA00002733,8043352073,CN-LOH,57.3,Female,European,2,1
chrX,0,156040895,156040895,T,T,chrX:0-156040895,PA00002876 chrX,PA00002876,8043352103,Gain,59.7,Female,European,1,0
chrX,0,156040895,156040895,T,T,chrX:0-156040895,PA00002876 chrX,PA00002876,8043352063,Loss,52.2,Female,European,0,1
chr14,21773021,22120065,347044,N,Y,chr14:21773021-22120065,PA00002943 chr14,PA00002943,8043352087,Undetermined,68.1,Female,European,0,1
chr14,21773021,22123863,350842,N,Y,chr14:21773021-22123863,PA00002943 chr14,PA00002943,8043352019,Undetermined,68,Female,European,0,1
chrX,135286670,156040895,20754225,N,T,chrX:135286670-156040895,PA00002943 chrX,PA00002943,8043352087,CN-LOH,68.1,Female,European,0,1
chrX,135286670,156040895,20754225,N,T,chrX:135286670-156040895,PA00002943 chrX,PA00002943,8043352019,CN-LOH,68,Female,European,0,1
chrX,0,156040895,156040895,T,T,chrX:0-156040895,PA00003027 chrX,PA00003027,8043351985,Gain,68.7,Female,European,1,0
chrX,0,156040895,156040895,T,T,chrX:0-156040895,PA00003027 chrX,PA00003027,8043352008,Gain,70.7,Female,European,0,1
chrX,3761026,156040895,152279869,Y,Y,chrX:117403428-138114397,PA00003054 chrX,PA00003054,8043352108,Missing,50.6,Female,European,0,0
chrX,3761026,156040895,152279869,Y,Y,chrX:117403428-138114397,PA00003054 chrX,PA00003054,8043352054,Loss,50.5,Female,European,2,1
chrX,0,156040895,156040895,T,T,chrX:0-156040895,PA00003113 chrX,PA00003113,8043352036,CN-LOH,81.9,Male,European,0,1
chrX,0,156040895,156040895,T,T,chrX:0-156040895,PA00003113 chrX,PA00003113,8043352066,CN-LOH,82.5,Male,European,0,1
chrX,0,156040895,156040895,T,T,chrX:0-156040895,PA00003150 chrX,PA00003150,8043351950,Gain,68.3,Female,African_American,1,0
chrX,0,156040895,156040895,T,T,chrX:0-156040895,PA00003150 chrX,PA00003150,8043352022,Undetermined,69.6,Female,African_American,0,1
chrX,0,156040895,156040895,T,T,chrX:0-156040895,PA00003162 chrX,PA00003162,8043351962,CN-LOH,74.4,Male,African_American,0,1
chrX,0,156040895,156040895,T,T,chrX:0-156040895,PA00003162 chrX,PA00003162,8043352034,Loss,75.1,Male,African_American,0,1
chrX,0,156040895,156040895,T,T,chrX:0-156040895,PA00003174 chrX,PA00003174,8043352023,Loss,82,Male,European,0,1
chrX,0,156040895,156040895,T,T,chrX:0-156040895,PA00003174 chrX,PA00003174,8043351951,Undetermined,80.1,Male,European,0,1
chrX,0,156040895,156040895,T,T,chrX:0-156040895,PA00003249 chrX,PA00003249,8043351868,CN-LOH,76.8,Male,European,0,1
chrX,0,156040895,156040895,T,T,chrX:0-156040895,PA00003249 chrX,PA00003249,8043351999,Gain,77.7,Male,European,1,0
chrX,0,156040895,156040895,T,T,chrX:0-156040895,PA00003269 chrX,PA00003269,8043352120,CN-LOH,81.2,Male,European,0,1
chrX,0,156040895,156040895,T,T,chrX:0-156040895,PA00003269 chrX,PA00003269,8043352101,Loss,80.9,Male,European,0,1
chr13,53490538,114364328,60873790,N,T,chr13:53490538-114364328,PA00003322 chr13,PA00003322,8043351869,Loss,75.6,Female,European,0,1
chr13,53490538,114364328,60873790,N,T,chr13:53490538-114364328,PA00003322 chr13,PA00003322,8043351904,CN-LOH,77.7,Female,European,1,0
chrX,0,156040895,156040895,T,T,chrX:0-156040895,PA00003416 chrX,PA00003416,8043351857,Gain,73.9,Male,European,0,1
chrX,0,156040895,156040895,T,T,chrX:0-156040895,PA00003416 chrX,PA00003416,8043351929,CN-LOH,75.8,Male,European,0,1
chr11,76244337,135086622,58842285,N,T,chr11:76244337-135086622,PA00003468 chr11,PA00003468,8043351847,CN-LOH,76.1,Female,European,0,1
chr11,76339553,135086622,58747069,N,T,chr11:76339553-135086622,PA00003468 chr11,PA00003468,8043352037,CN-LOH,78,Female,European,0,1
chrX,0,156040895,156040895,T,T,chrX:0-156040895,PA00003468 chrX,PA00003468,8043351847,Gain,76.1,Female,European,1,0
chrX,0,156040895,156040895,T,T,chrX:0-156040895,PA00003468 chrX,PA00003468,8043352037,CN-LOH,78,Female,European,0,1
chrX,0,156040895,156040895,T,T,chrX:0-156040895,PA00003480 chrX,PA00003480,8043351870,Undetermined,61.5,Male,African_American,0,1
chrX,0,156040895,156040895,T,T,chrX:0-156040895,PA00003480 chrX,PA00003480,8043352085,Gain,62.4,Male,African_American,0,1
chrX,0,156040895,156040895,T,T,chrX:0-156040895,PA00003491 chrX,PA00003491,8043351882,CN-LOH,80.5,Male,European,0,1
chrX,0,156040895,156040895,T,T,chrX:0-156040895,PA00003491 chrX,PA00003491,8043351859,CN-LOH,78.3,Male,European,0,1
chrX,0,156040895,156040895,T,T,chrX:0-156040895,PA00003494 chrX,PA00003494,8043351831,Undetermined,64.6,Female,African_American,0,1
chrX,0,156040895,156040895,T,T,chrX:0-156040895,PA00003494 chrX,PA00003494,8043352121,Gain,64.8,Female,African_American,0,1
chrX,0,156040895,156040895,Y,T,chrX:0-156040895,PA00003497 chrX,PA00003497,8043351871,CN-LOH,86,Male,African_American,0,1
chrX,0,156040895,156040895,T,T,chrX:0-156040895,PA00003497 chrX,PA00003497,8043351894,CN-LOH,88,Male,African_American,0,1
chr20,32137845,47324597,15186752,N,Y,chr20:32137845-47324597,PA00003596 chr20,PA00003596,8043352113,Loss,49.1,Male,African_American,0,1
chr20,32304122,47324597,15020475,N,Y,chr20:32304122-47324597,PA00003596 chr20,PA00003596,8043351848,Loss,49,Male,African_American,0,1
chrX,0,156040895,156040895,T,T,chrX:0-156040895,PA00003603 chrX,PA00003603,8043351860,Loss,74.1,Male,European,0,1
chrX,0,156040895,156040895,T,T,chrX:0-156040895,PA00003603 chrX,PA00003603,8043351849,Undetermined,72.3,Male,European,0,1
chrX,0,156040895,156040895,T,T,chrX:0-156040895,PA00003616 chrX,PA00003616,8043351886,Gain,76.3,Female,African_American,1,0
chrX,0,156040895,156040895,T,T,chrX:0-156040895,PA00003616 chrX,PA00003616,8043351885,CN-LOH,74.5,Female,African_American,0,1
chrX,66239381,156040895,89801514,N,T,chrX:66239381-156040895,PA00003659 chrX,PA00003659,8043351934,Gain,61.4,Female,African_American,0,1
chrX,66529354,156040895,89511541,N,T,chrX:66529354-156040895,PA00003659 chrX,PA00003659,8043351933,Gain,61.2,Female,African_American,0,1
chrX,0,156040895,156040895,T,T,chrX:0-156040895,PA00003678 chrX,PA00003678,8043351887,CN-LOH,66.9,Male,European,0,1
chrX,0,156040895,156040895,T,T,chrX:0-156040895,PA00003678 chrX,PA00003678,8043351864,CN-LOH,65.7,Male,European,0,1
chrX,0,156040895,156040895,T,T,chrX:0-156040895,PA00003698 chrX_1,PA00003698,8043351888,Undetermined,76.9,Female,European,0,1
chrX,0,156040895,156040895,T,T,chrX:0-156040895,PA00003698 chrX_1,PA00003698,8041886286,Gain,76.7,Female,European,1,0
chrX,96323316,156040895,59717579,N,T,chrX:96323316-156040895,PA00003698 chrX_2,PA00003698,8043351888,Gain,76.9,Female,European,1,0
chrX,96323316,156040895,59717579,N,T,chrX:96323316-156040895,PA00003698 chrX_2,PA00003698,8041886286,CN-LOH,76.7,Female,European,0,1
chr9,68471517,138394717,69923200,N,T,chr9:68471517-138394717,PA00003714 chr9,PA00003714,8043351911,CN-LOH,43.2,Female,African_American,0,1
chr9,69109210,138394717,69285507,N,T,chr9:69109210-138394717,PA00003714 chr9,PA00003714,8043351912,CN-LOH,43.5,Female,African_American,0,1
chr17,0,7933910,7933910,T,N,chr17:0-7933910,PA00003767 chr17,PA00003767,8043351866,Undetermined,78.7,Male,African_American,1,0
chr17,0,7933910,7933910,T,N,chr17:0-7933910,PA00003767 chr17,PA00003767,8043351877,Undetermined,79.3,Male,African_American,0,1
chrX,0,156040895,156040895,T,T,chrX:0-156040895,PA00003785 chrX,PA00003785,8043351927,Gain,72.2,Male,European,?,1
chrX,0,156040895,156040895,T,T,chrX:0-156040895,PA00003785 chrX,PA00003785,8043351938,,73.8,Male,European,?,0
chrX,0,156040895,156040895,T,T,chrX:0-156040895,PA00003814 chrX,PA00003814,8043351776,CN-LOH,75.5,Male,European,0,1
chrX,0,156040895,156040895,T,T,chrX:0-156040895,PA00003814 chrX,PA00003814,8043352076,Loss,77,Male,European,0,1
chr14,34720708,107043718,72323010,N,T,chr14:34720708-107043718,PA00003831 chr14,PA00003831,8043351788,CN-LOH,74.5,Male,Hispanic1,0,1
chr14,34720708,107043718,72323010,N,T,chr14:34720708-107043718,PA00003831 chr14,PA00003831,8043351811,Missing,76.3,Male,Hispanic1,0,0
chrX,0,156040895,156040895,T,T,chrX:0-156040895,PA00003831 chrX,PA00003831,8043351788,Undetermined,74.5,Male,Hispanic1,0,1
chrX,0,156040895,156040895,T,T,chrX:0-156040895,PA00003831 chrX,PA00003831,8043351811,Gain,76.3,Male,Hispanic1,0,1
chr20,15208952,15625807,416855,Y,N,chr20:15208952-15625807,PA00004410 chr20,PA00004410,8043351793,Loss,29.9,Male,European,0,1
chr20,15208952,15625807,416855,Y,N,chr20:15208952-15625807,PA00004410 chr20,PA00004410,8043352110,Missing,55,Male,European,0,0
chr13,49616110,49835139,219029,N,Y,chr13:49616110-49835139,PA00004444 chr13_1,PA00004444,8043351782,Undetermined,80.1,Female,European,1,0
chr13,49616110,49835139,219029,N,Y,chr13:49616110-49835139,PA00004444 chr13_1,PA00004444,8043352114,Loss,82.2,Female,European,0,1
chr13,50887584,51123658,236074,N,Y,chr13:50887584-51123658,PA00004444 chr13_2,PA00004444,8043351782,Loss,80.1,Female,European,0,1
chr13,50887584,51123658,236074,N,Y,chr13:50887584-51123658,PA00004444 chr13_2,PA00004444,8043352114,Loss,82.2,Female,European,0,1
chrX,0,156040895,156040895,T,T,chrX:0-156040895,PA00004572 chrX,PA00004572,8043352072,Gain,73.2,Female,European,0,1
chrX,0,156040895,156040895,T,T,chrX:0-156040895,PA00004572 chrX,PA00004572,8043352064,CN-LOH,71.6,Female,European,0,1
chrX,0,156040895,156040895,T,T,chrX:0-156040895,PA00004652 chrX,PA00004652,8043351818,Gain,74.8,Female,European,0,1
chrX,0,156040895,156040895,T,T,chrX:0-156040895,PA00004652 chrX,PA00004652,8043352055,Gain,76.8,Female,European,1,0
chrX,0,156040895,156040895,T,T,chrX:0-156040895,PA00005121 chrX,PA00005121,8043352068,Gain,56.1,Female,European,1,0
chrX,0,156040895,156040895,T,T,chrX:0-156040895,PA00005121 chrX,PA00005121,8043352077,Gain,58,Female,European,0,1
chr17,0,21599881,21599881,T,N,chr17:0-21599881,PA00006330 chr17,PA00006330,8043351988,Loss,75.5,Female,European,0,1
chr17,0,22699113,22699113,T,N,chr17:0-22699113,PA00006330 chr17,PA00006330,8043351977,Loss,74.9,Female,European,0,1
chr8,0,42695355,42695355,T,N,chr8:0-42695355,PA00006330 chr8,PA00006330,8043351988,Loss,75.5,Female,European,0,1
chr8,0,43100941,43100941,T,N,chr8:0-43100941,PA00006330 chr8,PA00006330,8043351977,Loss,74.9,Female,European,0,1
chrX,0,156040895,156040895,T,T,chrX:0-156040895,PA00006330 chrX,PA00006330,8043351977,CN-LOH,74.9,Female,European,0,1
chrX,0,156040895,156040895,T,T,chrX:0-156040895,PA00006330 chrX,PA00006330,8043351988,Gain,75.5,Female,European,1,0
chr16,57843736,66417314,8573578,N,Y,chr16:57843736-66417314,PA00008218 chr16,PA00008218,8043352017,Undetermined,49.8,Female,European,2,1
chr16,58861935,90338345,31476410,N,T,chr16:58861935-90338345,PA00008218 chr16,PA00008218,8043351982,Undetermined,49.6,Female,European,2,1
chrX,0,156040895,156040895,Y,T,chrX:0-156040895,PA00008474 chrX,PA00008474,8043352123,CN-LOH,81.9,Male,European,0,1
chrX,0,156040895,156040895,T,T,chrX:0-156040895,PA00008474 chrX,PA00008474,8043351986,CN-LOH,81.6,Male,European,0,1
chrX,0,156040895,156040895,T,T,chrX:0-156040895,PA00009134 chrX,PA00009134,8043351890,CN-LOH,73,Female,African_American,0,1
chrX,0,156040895,156040895,T,T,chrX:0-156040895,PA00009134 chrX,PA00009134,8043352089,CN-LOH,73.6,Female,African_American,0,1
chrX,0,156040895,156040895,T,T,chrX:0-156040895,PA00009136 chrX,PA00009136,8043351903,,71.5,Male,African_American,?,0
chrX,0,156040895,156040895,T,T,chrX:0-156040895,PA00009136 chrX,PA00009136,8043351902,Gain,70.1,Male,African_American,?,1
chrX,0,156040895,156040895,T,T,chrX:0-156040895,PA00009187 chrX,PA00009187,8043351796,,69.9,Male,European,?,0
chrX,0,156040895,156040895,T,T,chrX:0-156040895,PA00009187 chrX,PA00009187,8043352041,Gain,71.7,Male,European,?,1
chrX,0,156040895,156040895,T,T,chrX:0-156040895,PA00009189 chrX,PA00009189,8043351785,CN-LOH,53.8,Female,European,0,1
chrX,0,156040895,156040895,T,T,chrX:0-156040895,PA00009189 chrX,PA00009189,8043351808,Gain,53.9,Female,European,1,0
chrX,0,156040895,156040895,T,T,chrX:0-156040895,PA00009314 chrX,PA00009314,8043351753,Gain,76.9,Male,European,0,1
chrX,0,156040895,156040895,T,T,chrX:0-156040895,PA00009314 chrX,PA00009314,8043351754,Gain,78.5,Male,European,0,1
chrX,0,156040895,156040895,T,T,chrX:0-156040895,PA00009349 chrX,PA00009349,8043351813,Gain,72.7,Male,European,?,1
chrX,0,156040895,156040895,T,T,chrX:0-156040895,PA00009349 chrX,PA00009349,8043351814,,74.7,Male,European,?,0
chrX,0,156040895,156040895,T,T,chrX:0-156040895,PA00033801 chrX,PA00033801,8043351774,CN-LOH,63.6,Male,European,0,1
chrX,0,156040895,156040895,T,T,chrX:0-156040895,PA00033801 chrX,PA00033801,8043351751,CN-LOH,63.5,Male,European,0,1
chrX,0,156040895,156040895,T,T,chrX:0-156040895,PA00033809 chrX,PA00033809,8043351778,Gain,68.8,Female,European,1,0
chrX,0,156040895,156040895,T,T,chrX:0-156040895,PA00033809 chrX,PA00033809,8043351777,Gain,67.1,Female,European,0,1
chrX,0,156040895,156040895,T,T,chrX:0-156040895,PA00033811 chrX,PA00033811,8043351827,CN-LOH,69.2,Female,European,0,1
chrX,0,156040895,156040895,T,T,chrX:0-156040895,PA00033811 chrX,PA00033811,8043351826,CN-LOH,68.4,Female,European,0,1
chrX,0,156040895,156040895,T,T,chrX:0-156040895,PA00033847 chrX,PA00033847,8043351828,,63.9,Male,European,?,0
chrX,0,156040895,156040895,T,T,chrX:0-156040895,PA00033847 chrX,PA00033847,8043351805,Gain,63.5,Male,European,?,1
chrX,0,156040895,156040895,T,T,chrX:0-156040895,PA00050902 chrX,PA00050902,8043352112,Loss,75.8,Female,European,0,1
chrX,0,156040895,156040895,T,T,chrX:0-156040895,PA00050902 chrX,PA00050902,8043352012,Undetermined,75.3,Female,European,0,1
chr22,42127803,42132969,5166,N,Y,chr22:42127803-42132969,PA00051248 chr22,PA00051248,8043351817,Missing,56.1,Male,European,0,0
chr22,42127803,42132969,5166,N,Y,chr22:42127803-42132969,PA00051248 chr22,PA00051248,8043351757,CN-LOH,56,Male,European,0,1
chrX,0,40033231,40033231,T,N,chrX:0-40033231,PA00051755 chrX,PA00051755,8043352097,Gain,56.1,Female,European,0,1
chrX,0,40033231,40033231,T,N,chrX:0-40033231,PA00051755 chrX,PA00051755,8043351954,Gain,56.1,Female,European,1,0
